signguCode,signguNm,daywkDivCd,daywkDivNm,touDivCd,touDivNm,touNum,baseYmd,sigungu_code,name_ko
26110,중구,7,일요일,3,외국인(c),8604.54,20250601,15,중구
26140,서구,7,일요일,3,외국인(c),6958.549999999998,20250601,11,서구
26170,동구,7,일요일,3,외국인(c),7814.020000000005,20250601,5,동구
26200,영도구,7,일요일,3,외국인(c),7006.149999999999,20250601,14,영도구
26230,부산진구,7,일요일,3,외국인(c),7956.559999999999,20250601,7,부산진구
26260,동래구,7,일요일,3,외국인(c),680.3,20250601,6,동래구
26290,남구,7,일요일,3,외국인(c),5631.329999999999,20250601,4,남구
26320,북구,7,일요일,3,외국인(c),684.16,20250601,8,북구
26350,해운대구,7,일요일,3,외국인(c),13793.219999999996,20250601,16,해운대구
26380,사하구,7,일요일,3,외국인(c),5784.509999999999,20250601,10,사하구
26410,금정구,7,일요일,3,외국인(c),1001.45,20250601,2,금정구
26440,강서구,7,일요일,3,외국인(c),15605.430000000002,20250601,1,강서구
26470,연제구,7,일요일,3,외국인(c),1202.8599999999997,20250601,13,연제구
26500,수영구,7,일요일,3,외국인(c),4624.349999999999,20250601,12,수영구
26530,사상구,7,일요일,3,외국인(c),1768.7399999999998,20250601,9,사상구
26710,기장군,7,일요일,3,외국인(c),5511.65,20250601,3,기장군
26110,중구,1,월요일,3,외국인(c),7313.649999999997,20250602,15,중구
26140,서구,1,월요일,3,외국인(c),5278.259999999998,20250602,11,서구
26170,동구,1,월요일,3,외국인(c),7698.079999999999,20250602,5,동구
26200,영도구,1,월요일,3,외국인(c),6283.669999999998,20250602,14,영도구
26230,부산진구,1,월요일,3,외국인(c),7385.16,20250602,7,부산진구
26260,동래구,1,월요일,3,외국인(c),608.3000000000001,20250602,6,동래구
26290,남구,1,월요일,3,외국인(c),5207.420000000003,20250602,4,남구
26320,북구,1,월요일,3,외국인(c),531.79,20250602,8,북구
26350,해운대구,1,월요일,3,외국인(c),12462.33,20250602,16,해운대구
26380,사하구,1,월요일,3,외국인(c),4263.9000000000015,20250602,10,사하구
26410,금정구,1,월요일,3,외국인(c),1186.01,20250602,2,금정구
26440,강서구,1,월요일,3,외국인(c),16522.14,20250602,1,강서구
26470,연제구,1,월요일,3,외국인(c),972.7300000000001,20250602,13,연제구
26500,수영구,1,월요일,3,외국인(c),4016.43,20250602,12,수영구
26530,사상구,1,월요일,3,외국인(c),1867.0400000000004,20250602,9,사상구
26710,기장군,1,월요일,3,외국인(c),4711.250000000002,20250602,3,기장군
26110,중구,2,화요일,3,외국인(c),6329.59,20250603,15,중구
26140,서구,2,화요일,3,외국인(c),4966.33,20250603,11,서구
26170,동구,2,화요일,3,외국인(c),5138.45,20250603,5,동구
26200,영도구,2,화요일,3,외국인(c),4886.479999999999,20250603,14,영도구
26230,부산진구,2,화요일,3,외국인(c),5992.01,20250603,7,부산진구
26260,동래구,2,화요일,3,외국인(c),573.2999999999998,20250603,6,동래구
26290,남구,2,화요일,3,외국인(c),4169.700000000001,20250603,4,남구
26320,북구,2,화요일,3,외국인(c),487.1299999999999,20250603,8,북구
26350,해운대구,2,화요일,3,외국인(c),12023.769999999999,20250603,16,해운대구
26380,사하구,2,화요일,3,외국인(c),4069.4,20250603,10,사하구
26410,금정구,2,화요일,3,외국인(c),950.0399999999998,20250603,2,금정구
26440,강서구,2,화요일,3,외국인(c),14468.25,20250603,1,강서구
26470,연제구,2,화요일,3,외국인(c),901.3100000000001,20250603,13,연제구
26500,수영구,2,화요일,3,외국인(c),3988.37,20250603,12,수영구
26530,사상구,2,화요일,3,외국인(c),1571.8100000000002,20250603,9,사상구
26710,기장군,2,화요일,3,외국인(c),4575.9000000000015,20250603,3,기장군
26110,중구,3,수요일,3,외국인(c),6919.5499999999965,20250604,15,중구
26140,서구,3,수요일,3,외국인(c),5023.239999999997,20250604,11,서구
26170,동구,3,수요일,3,외국인(c),6681.549999999997,20250604,5,동구
26200,영도구,3,수요일,3,외국인(c),4758.51,20250604,14,영도구
26230,부산진구,3,수요일,3,외국인(c),5661.049999999998,20250604,7,부산진구
26260,동래구,3,수요일,3,외국인(c),627.2199999999998,20250604,6,동래구
26290,남구,3,수요일,3,외국인(c),4847.469999999998,20250604,4,남구
26320,북구,3,수요일,3,외국인(c),590.1400000000003,20250604,8,북구
26350,해운대구,3,수요일,3,외국인(c),11627.250000000002,20250604,16,해운대구
26380,사하구,3,수요일,3,외국인(c),4480.05,20250604,10,사하구
26410,금정구,3,수요일,3,외국인(c),928.6199999999999,20250604,2,금정구
26440,강서구,3,수요일,3,외국인(c),13248.799999999996,20250604,1,강서구
26470,연제구,3,수요일,3,외국인(c),693.3200000000002,20250604,13,연제구
26500,수영구,3,수요일,3,외국인(c),4337.41,20250604,12,수영구
26530,사상구,3,수요일,3,외국인(c),1597.6400000000008,20250604,9,사상구
26710,기장군,3,수요일,3,외국인(c),5923.780000000001,20250604,3,기장군
26110,중구,4,목요일,3,외국인(c),7569.1100000000015,20250605,15,중구
26140,서구,4,목요일,3,외국인(c),5279.820000000002,20250605,11,서구
26170,동구,4,목요일,3,외국인(c),6812.390000000001,20250605,5,동구
26200,영도구,4,목요일,3,외국인(c),5106.55,20250605,14,영도구
26230,부산진구,4,목요일,3,외국인(c),6181.780000000001,20250605,7,부산진구
26260,동래구,4,목요일,3,외국인(c),624.5100000000001,20250605,6,동래구
26290,남구,4,목요일,3,외국인(c),4772.22,20250605,4,남구
26320,북구,4,목요일,3,외국인(c),545.02,20250605,8,북구
26350,해운대구,4,목요일,3,외국인(c),11863.179999999998,20250605,16,해운대구
26380,사하구,4,목요일,3,외국인(c),4602.129999999998,20250605,10,사하구
26410,금정구,4,목요일,3,외국인(c),1169.77,20250605,2,금정구
26440,강서구,4,목요일,3,외국인(c),11497.240000000002,20250605,1,강서구
26470,연제구,4,목요일,3,외국인(c),971.34,20250605,13,연제구
26500,수영구,4,목요일,3,외국인(c),4142.98,20250605,12,수영구
26530,사상구,4,목요일,3,외국인(c),1386.7100000000003,20250605,9,사상구
26710,기장군,4,목요일,3,외국인(c),5139.2699999999995,20250605,3,기장군
26110,중구,5,금요일,3,외국인(c),7706.550000000003,20250606,15,중구
26140,서구,5,금요일,3,외국인(c),5275.19,20250606,11,서구
26170,동구,5,금요일,3,외국인(c),5527.76,20250606,5,동구
26200,영도구,5,금요일,3,외국인(c),5001.150000000001,20250606,14,영도구
26230,부산진구,5,금요일,3,외국인(c),7918.7,20250606,7,부산진구
26260,동래구,5,금요일,3,외국인(c),617.3,20250606,6,동래구
26290,남구,5,금요일,3,외국인(c),4439.729999999999,20250606,4,남구
26320,북구,5,금요일,3,외국인(c),592.6299999999999,20250606,8,북구
26350,해운대구,5,금요일,3,외국인(c),12144.490000000002,20250606,16,해운대구
26380,사하구,5,금요일,3,외국인(c),4650.570000000002,20250606,10,사하구
26410,금정구,5,금요일,3,외국인(c),1158.9499999999996,20250606,2,금정구
26440,강서구,5,금요일,3,외국인(c),14121.920000000007,20250606,1,강서구
26470,연제구,5,금요일,3,외국인(c),1062.12,20250606,13,연제구
26500,수영구,5,금요일,3,외국인(c),4266.43,20250606,12,수영구
26530,사상구,5,금요일,3,외국인(c),1874.5300000000004,20250606,9,사상구
26710,기장군,5,금요일,3,외국인(c),5017.549999999999,20250606,3,기장군
26110,중구,6,토요일,3,외국인(c),8266.230000000001,20250607,15,중구
26140,서구,6,토요일,3,외국인(c),5593.59,20250607,11,서구
26170,동구,6,토요일,3,외국인(c),6361.329999999999,20250607,5,동구
26200,영도구,6,토요일,3,외국인(c),5843.83,20250607,14,영도구
26230,부산진구,6,토요일,3,외국인(c),9136.52,20250607,7,부산진구
26260,동래구,6,토요일,3,외국인(c),638.18,20250607,6,동래구
26290,남구,6,토요일,3,외국인(c),4886.459999999998,20250607,4,남구
26320,북구,6,토요일,3,외국인(c),644.4099999999999,20250607,8,북구
26350,해운대구,6,토요일,3,외국인(c),12499.79,20250607,16,해운대구
26380,사하구,6,토요일,3,외국인(c),4613.079999999999,20250607,10,사하구
26410,금정구,6,토요일,3,외국인(c),1040.2200000000003,20250607,2,금정구
26440,강서구,6,토요일,3,외국인(c),13914.179999999998,20250607,1,강서구
26470,연제구,6,토요일,3,외국인(c),1295.1299999999999,20250607,13,연제구
26500,수영구,6,토요일,3,외국인(c),6454.2699999999995,20250607,12,수영구
26530,사상구,6,토요일,3,외국인(c),1760.7499999999993,20250607,9,사상구
26710,기장군,6,토요일,3,외국인(c),5587.12,20250607,3,기장군
26110,중구,7,일요일,3,외국인(c),9247.309999999998,20250608,15,중구
26140,서구,7,일요일,3,외국인(c),6582.980000000002,20250608,11,서구
26170,동구,7,일요일,3,외국인(c),9374.11,20250608,5,동구
26200,영도구,7,일요일,3,외국인(c),7731.0,20250608,14,영도구
26230,부산진구,7,일요일,3,외국인(c),7831.320000000001,20250608,7,부산진구
26260,동래구,7,일요일,3,외국인(c),687.8600000000001,20250608,6,동래구
26290,남구,7,일요일,3,외국인(c),6694.739999999997,20250608,4,남구
26320,북구,7,일요일,3,외국인(c),651.5000000000001,20250608,8,북구
26350,해운대구,7,일요일,3,외국인(c),12740.239999999996,20250608,16,해운대구
26380,사하구,7,일요일,3,외국인(c),5076.3200000000015,20250608,10,사하구
26410,금정구,7,일요일,3,외국인(c),1002.9500000000004,20250608,2,금정구
26440,강서구,7,일요일,3,외국인(c),12512.039999999994,20250608,1,강서구
26470,연제구,7,일요일,3,외국인(c),1103.7299999999998,20250608,13,연제구
26500,수영구,7,일요일,3,외국인(c),4697.350000000001,20250608,12,수영구
26530,사상구,7,일요일,3,외국인(c),1626.1000000000001,20250608,9,사상구
26710,기장군,7,일요일,3,외국인(c),7083.719999999999,20250608,3,기장군
26110,중구,1,월요일,3,외국인(c),6339.409999999998,20250609,15,중구
26140,서구,1,월요일,3,외국인(c),4732.089999999998,20250609,11,서구
26170,동구,1,월요일,3,외국인(c),5514.739999999999,20250609,5,동구
26200,영도구,1,월요일,3,외국인(c),5062.789999999999,20250609,14,영도구
26230,부산진구,1,월요일,3,외국인(c),6495.090000000001,20250609,7,부산진구
26260,동래구,1,월요일,3,외국인(c),657.64,20250609,6,동래구
26290,남구,1,월요일,3,외국인(c),4086.769999999998,20250609,4,남구
26320,북구,1,월요일,3,외국인(c),491.96000000000004,20250609,8,북구
26350,해운대구,1,월요일,3,외국인(c),11444.359999999997,20250609,16,해운대구
26380,사하구,1,월요일,3,외국인(c),4405.930000000001,20250609,10,사하구
26410,금정구,1,월요일,3,외국인(c),1007.9000000000001,20250609,2,금정구
26440,강서구,1,월요일,3,외국인(c),14076.259999999997,20250609,1,강서구
26470,연제구,1,월요일,3,외국인(c),886.4799999999999,20250609,13,연제구
26500,수영구,1,월요일,3,외국인(c),4119.650000000001,20250609,12,수영구
26530,사상구,1,월요일,3,외국인(c),1494.6300000000003,20250609,9,사상구
26710,기장군,1,월요일,3,외국인(c),4561.29,20250609,3,기장군
26110,중구,2,화요일,3,외국인(c),6343.740000000001,20250610,15,중구
26140,서구,2,화요일,3,외국인(c),5628.859999999998,20250610,11,서구
26170,동구,2,화요일,3,외국인(c),5634.500000000001,20250610,5,동구
26200,영도구,2,화요일,3,외국인(c),5717.199999999999,20250610,14,영도구
26230,부산진구,2,화요일,3,외국인(c),6183.370000000003,20250610,7,부산진구
26260,동래구,2,화요일,3,외국인(c),703.2799999999999,20250610,6,동래구
26290,남구,2,화요일,3,외국인(c),4222.72,20250610,4,남구
26320,북구,2,화요일,3,외국인(c),484.5499999999999,20250610,8,북구
26350,해운대구,2,화요일,3,외국인(c),11635.629999999997,20250610,16,해운대구
26380,사하구,2,화요일,3,외국인(c),4118.41,20250610,10,사하구
26410,금정구,2,화요일,3,외국인(c),896.7300000000002,20250610,2,금정구
26440,강서구,2,화요일,3,외국인(c),14311.759999999998,20250610,1,강서구
26470,연제구,2,화요일,3,외국인(c),857.8899999999996,20250610,13,연제구
26500,수영구,2,화요일,3,외국인(c),4190.64,20250610,12,수영구
26530,사상구,2,화요일,3,외국인(c),1639.6299999999999,20250610,9,사상구
26710,기장군,2,화요일,3,외국인(c),4721.589999999999,20250610,3,기장군
26110,중구,3,수요일,3,외국인(c),6582.829999999999,20250611,15,중구
26140,서구,3,수요일,3,외국인(c),5472.39,20250611,11,서구
26170,동구,3,수요일,3,외국인(c),5487.5599999999995,20250611,5,동구
26200,영도구,3,수요일,3,외국인(c),4335.839999999998,20250611,14,영도구
26230,부산진구,3,수요일,3,외국인(c),6922.449999999999,20250611,7,부산진구
26260,동래구,3,수요일,3,외국인(c),659.1300000000001,20250611,6,동래구
26290,남구,3,수요일,3,외국인(c),4379.900000000001,20250611,4,남구
26320,북구,3,수요일,3,외국인(c),665.0,20250611,8,북구
26350,해운대구,3,수요일,3,외국인(c),12974.279999999993,20250611,16,해운대구
26380,사하구,3,수요일,3,외국인(c),4343.94,20250611,10,사하구
26410,금정구,3,수요일,3,외국인(c),942.7499999999999,20250611,2,금정구
26440,강서구,3,수요일,3,외국인(c),14568.359999999997,20250611,1,강서구
26470,연제구,3,수요일,3,외국인(c),968.81,20250611,13,연제구
26500,수영구,3,수요일,3,외국인(c),4373.04,20250611,12,수영구
26530,사상구,3,수요일,3,외국인(c),1660.1,20250611,9,사상구
26710,기장군,3,수요일,3,외국인(c),4758.420000000001,20250611,3,기장군
26110,중구,4,목요일,3,외국인(c),6923.060000000002,20250612,15,중구
26140,서구,4,목요일,3,외국인(c),5426.699999999997,20250612,11,서구
26170,동구,4,목요일,3,외국인(c),5903.479999999997,20250612,5,동구
26200,영도구,4,목요일,3,외국인(c),4746.490000000001,20250612,14,영도구
26230,부산진구,4,목요일,3,외국인(c),6923.410000000002,20250612,7,부산진구
26260,동래구,4,목요일,3,외국인(c),726.7400000000001,20250612,6,동래구
26290,남구,4,목요일,3,외국인(c),4493.49,20250612,4,남구
26320,북구,4,목요일,3,외국인(c),542.97,20250612,8,북구
26350,해운대구,4,목요일,3,외국인(c),14312.619999999999,20250612,16,해운대구
26380,사하구,4,목요일,3,외국인(c),4459.469999999999,20250612,10,사하구
26410,금정구,4,목요일,3,외국인(c),1237.1300000000003,20250612,2,금정구
26440,강서구,4,목요일,3,외국인(c),15133.429999999998,20250612,1,강서구
26470,연제구,4,목요일,3,외국인(c),1086.54,20250612,13,연제구
26500,수영구,4,목요일,3,외국인(c),4469.780000000001,20250612,12,수영구
26530,사상구,4,목요일,3,외국인(c),1881.4300000000003,20250612,9,사상구
26710,기장군,4,목요일,3,외국인(c),5203.87,20250612,3,기장군
26110,중구,5,금요일,3,외국인(c),7533.95,20250613,15,중구
26140,서구,5,금요일,3,외국인(c),5813.369999999999,20250613,11,서구
26170,동구,5,금요일,3,외국인(c),6355.47,20250613,5,동구
26200,영도구,5,금요일,3,외국인(c),4765.96,20250613,14,영도구
26230,부산진구,5,금요일,3,외국인(c),7798.099999999999,20250613,7,부산진구
26260,동래구,5,금요일,3,외국인(c),1051.2500000000002,20250613,6,동래구
26290,남구,5,금요일,3,외국인(c),4713.049999999999,20250613,4,남구
26320,북구,5,금요일,3,외국인(c),467.95,20250613,8,북구
26350,해운대구,5,금요일,3,외국인(c),15183.909999999998,20250613,16,해운대구
26380,사하구,5,금요일,3,외국인(c),4645.470000000001,20250613,10,사하구
26410,금정구,5,금요일,3,외국인(c),1192.6700000000005,20250613,2,금정구
26440,강서구,5,금요일,3,외국인(c),14847.080000000002,20250613,1,강서구
26470,연제구,5,금요일,3,외국인(c),1331.2200000000003,20250613,13,연제구
26500,수영구,5,금요일,3,외국인(c),4547.49,20250613,12,수영구
26530,사상구,5,금요일,3,외국인(c),1652.6999999999998,20250613,9,사상구
26710,기장군,5,금요일,3,외국인(c),5427.4400000000005,20250613,3,기장군
26110,중구,6,토요일,3,외국인(c),9062.979999999996,20250614,15,중구
26140,서구,6,토요일,3,외국인(c),5568.43,20250614,11,서구
26170,동구,6,토요일,3,외국인(c),6898.450000000001,20250614,5,동구
26200,영도구,6,토요일,3,외국인(c),5753.89,20250614,14,영도구
26230,부산진구,6,토요일,3,외국인(c),8914.250000000002,20250614,7,부산진구
26260,동래구,6,토요일,3,외국인(c),936.3000000000002,20250614,6,동래구
26290,남구,6,토요일,3,외국인(c),5116.77,20250614,4,남구
26320,북구,6,토요일,3,외국인(c),515.29,20250614,8,북구
26350,해운대구,6,토요일,3,외국인(c),14768.510000000004,20250614,16,해운대구
26380,사하구,6,토요일,3,외국인(c),3775.529999999999,20250614,10,사하구
26410,금정구,6,토요일,3,외국인(c),1034.3,20250614,2,금정구
26440,강서구,6,토요일,3,외국인(c),14924.100000000002,20250614,1,강서구
26470,연제구,6,토요일,3,외국인(c),1141.3200000000002,20250614,13,연제구
26500,수영구,6,토요일,3,외국인(c),5159.260000000001,20250614,12,수영구
26530,사상구,6,토요일,3,외국인(c),1874.9800000000005,20250614,9,사상구
26710,기장군,6,토요일,3,외국인(c),4171.53,20250614,3,기장군
26110,중구,7,일요일,3,외국인(c),8154.95,20250615,15,중구
26140,서구,7,일요일,3,외국인(c),6083.59,20250615,11,서구
26170,동구,7,일요일,3,외국인(c),6661.050000000002,20250615,5,동구
26200,영도구,7,일요일,3,외국인(c),5661.56,20250615,14,영도구
26230,부산진구,7,일요일,3,외국인(c),8139.310000000001,20250615,7,부산진구
26260,동래구,7,일요일,3,외국인(c),913.3900000000001,20250615,6,동래구
26290,남구,7,일요일,3,외국인(c),5016.7,20250615,4,남구
26320,북구,7,일요일,3,외국인(c),600.46,20250615,8,북구
26350,해운대구,7,일요일,3,외국인(c),14335.739999999994,20250615,16,해운대구
26380,사하구,7,일요일,3,외국인(c),5034.44,20250615,10,사하구
26410,금정구,7,일요일,3,외국인(c),1124.28,20250615,2,금정구
26440,강서구,7,일요일,3,외국인(c),16003.649999999998,20250615,1,강서구
26470,연제구,7,일요일,3,외국인(c),1085.8200000000002,20250615,13,연제구
26500,수영구,7,일요일,3,외국인(c),4690.07,20250615,12,수영구
26530,사상구,7,일요일,3,외국인(c),1868.0199999999998,20250615,9,사상구
26710,기장군,7,일요일,3,외국인(c),5489.12,20250615,3,기장군
26110,중구,1,월요일,3,외국인(c),7438.87,20250616,15,중구
26140,서구,1,월요일,3,외국인(c),5233.019999999999,20250616,11,서구
26170,동구,1,월요일,3,외국인(c),6570.869999999998,20250616,5,동구
26200,영도구,1,월요일,3,외국인(c),5191.610000000002,20250616,14,영도구
26230,부산진구,1,월요일,3,외국인(c),7942.040000000001,20250616,7,부산진구
26260,동래구,1,월요일,3,외국인(c),602.73,20250616,6,동래구
26290,남구,1,월요일,3,외국인(c),5114.82,20250616,4,남구
26320,북구,1,월요일,3,외국인(c),556.0999999999999,20250616,8,북구
26350,해운대구,1,월요일,3,외국인(c),13543.689999999999,20250616,16,해운대구
26380,사하구,1,월요일,3,외국인(c),4217.410000000001,20250616,10,사하구
26410,금정구,1,월요일,3,외국인(c),1068.53,20250616,2,금정구
26440,강서구,1,월요일,3,외국인(c),15399.729999999996,20250616,1,강서구
26470,연제구,1,월요일,3,외국인(c),894.6700000000001,20250616,13,연제구
26500,수영구,1,월요일,3,외국인(c),4682.660000000001,20250616,12,수영구
26530,사상구,1,월요일,3,외국인(c),1589.3500000000001,20250616,9,사상구
26710,기장군,1,월요일,3,외국인(c),4211.710000000001,20250616,3,기장군
26110,중구,2,화요일,3,외국인(c),9343.160000000003,20250617,15,중구
26140,서구,2,화요일,3,외국인(c),6552.4400000000005,20250617,11,서구
26170,동구,2,화요일,3,외국인(c),9343.23,20250617,5,동구
26200,영도구,2,화요일,3,외국인(c),7517.560000000002,20250617,14,영도구
26230,부산진구,2,화요일,3,외국인(c),8133.869999999997,20250617,7,부산진구
26260,동래구,2,화요일,3,외국인(c),809.89,20250617,6,동래구
26290,남구,2,화요일,3,외국인(c),6887.280000000002,20250617,4,남구
26320,북구,2,화요일,3,외국인(c),710.8899999999998,20250617,8,북구
26350,해운대구,2,화요일,3,외국인(c),15197.400000000005,20250617,16,해운대구
26380,사하구,2,화요일,3,외국인(c),5382.03,20250617,10,사하구
26410,금정구,2,화요일,3,외국인(c),1070.1200000000006,20250617,2,금정구
26440,강서구,2,화요일,3,외국인(c),15412.65,20250617,1,강서구
26470,연제구,2,화요일,3,외국인(c),1081.26,20250617,13,연제구
26500,수영구,2,화요일,3,외국인(c),4900.549999999999,20250617,12,수영구
26530,사상구,2,화요일,3,외국인(c),1678.9700000000003,20250617,9,사상구
26710,기장군,2,화요일,3,외국인(c),6183.919999999998,20250617,3,기장군
26110,중구,3,수요일,3,외국인(c),7850.700000000003,20250618,15,중구
26140,서구,3,수요일,3,외국인(c),6141.100000000001,20250618,11,서구
26170,동구,3,수요일,3,외국인(c),6477.9400000000005,20250618,5,동구
26200,영도구,3,수요일,3,외국인(c),5479.419999999999,20250618,14,영도구
26230,부산진구,3,수요일,3,외국인(c),8042.09,20250618,7,부산진구
26260,동래구,3,수요일,3,외국인(c),633.64,20250618,6,동래구
26290,남구,3,수요일,3,외국인(c),5181.95,20250618,4,남구
26320,북구,3,수요일,3,외국인(c),757.99,20250618,8,북구
26350,해운대구,3,수요일,3,외국인(c),15524.58,20250618,16,해운대구
26380,사하구,3,수요일,3,외국인(c),4903.479999999999,20250618,10,사하구
26410,금정구,3,수요일,3,외국인(c),1157.4600000000003,20250618,2,금정구
26440,강서구,3,수요일,3,외국인(c),15684.529999999999,20250618,1,강서구
26470,연제구,3,수요일,3,외국인(c),970.1400000000001,20250618,13,연제구
26500,수영구,3,수요일,3,외국인(c),5295.420000000001,20250618,12,수영구
26530,사상구,3,수요일,3,외국인(c),1888.1499999999999,20250618,9,사상구
26710,기장군,3,수요일,3,외국인(c),6760.910000000002,20250618,3,기장군
26110,중구,4,목요일,3,외국인(c),7840.25,20250619,15,중구
26140,서구,4,목요일,3,외국인(c),5944.630000000001,20250619,11,서구
26170,동구,4,목요일,3,외국인(c),6293.420000000001,20250619,5,동구
26200,영도구,4,목요일,3,외국인(c),5596.560000000001,20250619,14,영도구
26230,부산진구,4,목요일,3,외국인(c),8086.959999999998,20250619,7,부산진구
26260,동래구,4,목요일,3,외국인(c),785.0600000000001,20250619,6,동래구
26290,남구,4,목요일,3,외국인(c),5232.89,20250619,4,남구
26320,북구,4,목요일,3,외국인(c),662.56,20250619,8,북구
26350,해운대구,4,목요일,3,외국인(c),15342.239999999996,20250619,16,해운대구
26380,사하구,4,목요일,3,외국인(c),4672.539999999998,20250619,10,사하구
26410,금정구,4,목요일,3,외국인(c),1042.57,20250619,2,금정구
26440,강서구,4,목요일,3,외국인(c),15157.880000000001,20250619,1,강서구
26470,연제구,4,목요일,3,외국인(c),1105.19,20250619,13,연제구
26500,수영구,4,목요일,3,외국인(c),5433.310000000001,20250619,12,수영구
26530,사상구,4,목요일,3,외국인(c),1842.22,20250619,9,사상구
26710,기장군,4,목요일,3,외국인(c),5717.189999999999,20250619,3,기장군
26110,중구,5,금요일,3,외국인(c),8497.300000000001,20250620,15,중구
26140,서구,5,금요일,3,외국인(c),5723.38,20250620,11,서구
26170,동구,5,금요일,3,외국인(c),6765.150000000003,20250620,5,동구
26200,영도구,5,금요일,3,외국인(c),5722.85,20250620,14,영도구
26230,부산진구,5,금요일,3,외국인(c),8654.680000000002,20250620,7,부산진구
26260,동래구,5,금요일,3,외국인(c),998.7800000000001,20250620,6,동래구
26290,남구,5,금요일,3,외국인(c),5294.16,20250620,4,남구
26320,북구,5,금요일,3,외국인(c),744.8000000000001,20250620,8,북구
26350,해운대구,5,금요일,3,외국인(c),14299.15,20250620,16,해운대구
26380,사하구,5,금요일,3,외국인(c),4488.54,20250620,10,사하구
26410,금정구,5,금요일,3,외국인(c),1257.9900000000005,20250620,2,금정구
26440,강서구,5,금요일,3,외국인(c),15414.899999999992,20250620,1,강서구
26470,연제구,5,금요일,3,외국인(c),1158.38,20250620,13,연제구
26500,수영구,5,금요일,3,외국인(c),4718.2,20250620,12,수영구
26530,사상구,5,금요일,3,외국인(c),2051.04,20250620,9,사상구
26710,기장군,5,금요일,3,외국인(c),5113.969999999999,20250620,3,기장군
26110,중구,6,토요일,3,외국인(c),9059.76,20250621,15,중구
26140,서구,6,토요일,3,외국인(c),5068.719999999998,20250621,11,서구
26170,동구,6,토요일,3,외국인(c),6566.040000000001,20250621,5,동구
26200,영도구,6,토요일,3,외국인(c),5831.130000000001,20250621,14,영도구
26230,부산진구,6,토요일,3,외국인(c),9486.300000000001,20250621,7,부산진구
26260,동래구,6,토요일,3,외국인(c),896.85,20250621,6,동래구
26290,남구,6,토요일,3,외국인(c),5251.56,20250621,4,남구
26320,북구,6,토요일,3,외국인(c),721.5,20250621,8,북구
26350,해운대구,6,토요일,3,외국인(c),14157.8,20250621,16,해운대구
26380,사하구,6,토요일,3,외국인(c),4186.94,20250621,10,사하구
26410,금정구,6,토요일,3,외국인(c),963.7699999999999,20250621,2,금정구
26440,강서구,6,토요일,3,외국인(c),14332.92,20250621,1,강서구
26470,연제구,6,토요일,3,외국인(c),1237.7499999999998,20250621,13,연제구
26500,수영구,6,토요일,3,외국인(c),4594.33,20250621,12,수영구
26530,사상구,6,토요일,3,외국인(c),1837.8400000000001,20250621,9,사상구
26710,기장군,6,토요일,3,외국인(c),4859.25,20250621,3,기장군
26110,중구,7,일요일,3,외국인(c),8854.569999999996,20250622,15,중구
26140,서구,7,일요일,3,외국인(c),5863.89,20250622,11,서구
26170,동구,7,일요일,3,외국인(c),5913.779999999997,20250622,5,동구
26200,영도구,7,일요일,3,외국인(c),6003.93,20250622,14,영도구
26230,부산진구,7,일요일,3,외국인(c),8395.369999999999,20250622,7,부산진구
26260,동래구,7,일요일,3,외국인(c),681.5899999999999,20250622,6,동래구
26290,남구,7,일요일,3,외국인(c),5246.930000000001,20250622,4,남구
26320,북구,7,일요일,3,외국인(c),631.73,20250622,8,북구
26350,해운대구,7,일요일,3,외국인(c),14173.73,20250622,16,해운대구
26380,사하구,7,일요일,3,외국인(c),5148.079999999996,20250622,10,사하구
26410,금정구,7,일요일,3,외국인(c),980.26,20250622,2,금정구
26440,강서구,7,일요일,3,외국인(c),15775.140000000003,20250622,1,강서구
26470,연제구,7,일요일,3,외국인(c),1241.13,20250622,13,연제구
26500,수영구,7,일요일,3,외국인(c),4805.940000000001,20250622,12,수영구
26530,사상구,7,일요일,3,외국인(c),1733.05,20250622,9,사상구
26710,기장군,7,일요일,3,외국인(c),5585.549999999998,20250622,3,기장군
26110,중구,1,월요일,3,외국인(c),7352.15,20250623,15,중구
26140,서구,1,월요일,3,외국인(c),5805.409999999998,20250623,11,서구
26170,동구,1,월요일,3,외국인(c),5365.870000000002,20250623,5,동구
26200,영도구,1,월요일,3,외국인(c),5079.180000000002,20250623,14,영도구
26230,부산진구,1,월요일,3,외국인(c),7740.070000000001,20250623,7,부산진구
26260,동래구,1,월요일,3,외국인(c),596.19,20250623,6,동래구
26290,남구,1,월요일,3,외국인(c),4579.32,20250623,4,남구
26320,북구,1,월요일,3,외국인(c),589.64,20250623,8,북구
26350,해운대구,1,월요일,3,외국인(c),14244.530000000002,20250623,16,해운대구
26380,사하구,1,월요일,3,외국인(c),5152.369999999999,20250623,10,사하구
26410,금정구,1,월요일,3,외국인(c),1018.5599999999998,20250623,2,금정구
26440,강서구,1,월요일,3,외국인(c),15644.800000000003,20250623,1,강서구
26470,연제구,1,월요일,3,외국인(c),1144.0,20250623,13,연제구
26500,수영구,1,월요일,3,외국인(c),4353.7,20250623,12,수영구
26530,사상구,1,월요일,3,외국인(c),1764.2600000000002,20250623,9,사상구
26710,기장군,1,월요일,3,외국인(c),6206.479999999999,20250623,3,기장군
26110,중구,2,화요일,3,외국인(c),6910.289999999998,20250624,15,중구
26140,서구,2,화요일,3,외국인(c),4386.540000000001,20250624,11,서구
26170,동구,2,화요일,3,외국인(c),5176.81,20250624,5,동구
26200,영도구,2,화요일,3,외국인(c),4808.219999999998,20250624,14,영도구
26230,부산진구,2,화요일,3,외국인(c),7812.160000000001,20250624,7,부산진구
26260,동래구,2,화요일,3,외국인(c),582.9899999999998,20250624,6,동래구
26290,남구,2,화요일,3,외국인(c),4561.63,20250624,4,남구
26320,북구,2,화요일,3,외국인(c),509.0400000000001,20250624,8,북구
26350,해운대구,2,화요일,3,외국인(c),13130.96,20250624,16,해운대구
26380,사하구,2,화요일,3,외국인(c),3227.9999999999995,20250624,10,사하구
26410,금정구,2,화요일,3,외국인(c),936.46,20250624,2,금정구
26440,강서구,2,화요일,3,외국인(c),14914.540000000005,20250624,1,강서구
26470,연제구,2,화요일,3,외국인(c),1149.22,20250624,13,연제구
26500,수영구,2,화요일,3,외국인(c),3958.03,20250624,12,수영구
26530,사상구,2,화요일,3,외국인(c),1987.4100000000003,20250624,9,사상구
26710,기장군,2,화요일,3,외국인(c),4063.8400000000006,20250624,3,기장군
26110,중구,3,수요일,3,외국인(c),7152.51,20250625,15,중구
26140,서구,3,수요일,3,외국인(c),5467.09,20250625,11,서구
26170,동구,3,수요일,3,외국인(c),5326.740000000001,20250625,5,동구
26200,영도구,3,수요일,3,외국인(c),6081.8099999999995,20250625,14,영도구
26230,부산진구,3,수요일,3,외국인(c),7624.910000000001,20250625,7,부산진구
26260,동래구,3,수요일,3,외국인(c),674.0499999999998,20250625,6,동래구
26290,남구,3,수요일,3,외국인(c),4997.510000000002,20250625,4,남구
26320,북구,3,수요일,3,외국인(c),514.6999999999999,20250625,8,북구
26350,해운대구,3,수요일,3,외국인(c),14375.529999999999,20250625,16,해운대구
26380,사하구,3,수요일,3,외국인(c),4414.780000000001,20250625,10,사하구
26410,금정구,3,수요일,3,외국인(c),915.6799999999997,20250625,2,금정구
26440,강서구,3,수요일,3,외국인(c),15292.539999999999,20250625,1,강서구
26470,연제구,3,수요일,3,외국인(c),1099.1599999999999,20250625,13,연제구
26500,수영구,3,수요일,3,외국인(c),4562.530000000001,20250625,12,수영구
26530,사상구,3,수요일,3,외국인(c),1803.46,20250625,9,사상구
26710,기장군,3,수요일,3,외국인(c),5141.799999999999,20250625,3,기장군
26110,중구,4,목요일,3,외국인(c),8192.35,20250626,15,중구
26140,서구,4,목요일,3,외국인(c),6197.329999999998,20250626,11,서구
26170,동구,4,목요일,3,외국인(c),7843.69,20250626,5,동구
26200,영도구,4,목요일,3,외국인(c),7310.080000000002,20250626,14,영도구
26230,부산진구,4,목요일,3,외국인(c),7500.150000000003,20250626,7,부산진구
26260,동래구,4,목요일,3,외국인(c),662.4599999999999,20250626,6,동래구
26290,남구,4,목요일,3,외국인(c),6081.58,20250626,4,남구
26320,북구,4,목요일,3,외국인(c),704.4499999999998,20250626,8,북구
26350,해운대구,4,목요일,3,외국인(c),14744.010000000002,20250626,16,해운대구
26380,사하구,4,목요일,3,외국인(c),5516.749999999999,20250626,10,사하구
26410,금정구,4,목요일,3,외국인(c),937.36,20250626,2,금정구
26440,강서구,4,목요일,3,외국인(c),15284.770000000002,20250626,1,강서구
26470,연제구,4,목요일,3,외국인(c),1112.98,20250626,13,연제구
26500,수영구,4,목요일,3,외국인(c),4485.920000000001,20250626,12,수영구
26530,사상구,4,목요일,3,외국인(c),1834.6999999999996,20250626,9,사상구
26710,기장군,4,목요일,3,외국인(c),6792.410000000003,20250626,3,기장군
26110,중구,5,금요일,3,외국인(c),7625.539999999999,20250627,15,중구
26140,서구,5,금요일,3,외국인(c),5679.91,20250627,11,서구
26170,동구,5,금요일,3,외국인(c),5967.750000000001,20250627,5,동구
26200,영도구,5,금요일,3,외국인(c),5858.47,20250627,14,영도구
26230,부산진구,5,금요일,3,외국인(c),8439.749999999998,20250627,7,부산진구
26260,동래구,5,금요일,3,외국인(c),787.36,20250627,6,동래구
26290,남구,5,금요일,3,외국인(c),4960.82,20250627,4,남구
26320,북구,5,금요일,3,외국인(c),857.58,20250627,8,북구
26350,해운대구,5,금요일,3,외국인(c),14246.460000000001,20250627,16,해운대구
26380,사하구,5,금요일,3,외국인(c),4663.890000000001,20250627,10,사하구
26410,금정구,5,금요일,3,외국인(c),999.5600000000002,20250627,2,금정구
26440,강서구,5,금요일,3,외국인(c),15711.37,20250627,1,강서구
26470,연제구,5,금요일,3,외국인(c),1109.31,20250627,13,연제구
26500,수영구,5,금요일,3,외국인(c),4401.480000000001,20250627,12,수영구
26530,사상구,5,금요일,3,외국인(c),1737.9,20250627,9,사상구
26710,기장군,5,금요일,3,외국인(c),5580.050000000001,20250627,3,기장군
26110,중구,6,토요일,3,외국인(c),8126.339999999999,20250628,15,중구
26140,서구,6,토요일,3,외국인(c),5451.630000000002,20250628,11,서구
26170,동구,6,토요일,3,외국인(c),5745.89,20250628,5,동구
26200,영도구,6,토요일,3,외국인(c),5979.79,20250628,14,영도구
26230,부산진구,6,토요일,3,외국인(c),8151.5700000000015,20250628,7,부산진구
26260,동래구,6,토요일,3,외국인(c),692.32,20250628,6,동래구
26290,남구,6,토요일,3,외국인(c),5075.6399999999985,20250628,4,남구
26320,북구,6,토요일,3,외국인(c),684.62,20250628,8,북구
26350,해운대구,6,토요일,3,외국인(c),13265.329999999996,20250628,16,해운대구
26380,사하구,6,토요일,3,외국인(c),4100.970000000001,20250628,10,사하구
26410,금정구,6,토요일,3,외국인(c),1027.3100000000002,20250628,2,금정구
26440,강서구,6,토요일,3,외국인(c),15456.789999999995,20250628,1,강서구
26470,연제구,6,토요일,3,외국인(c),1227.5100000000004,20250628,13,연제구
26500,수영구,6,토요일,3,외국인(c),5875.0,20250628,12,수영구
26530,사상구,6,토요일,3,외국인(c),1764.2099999999998,20250628,9,사상구
26710,기장군,6,토요일,3,외국인(c),5068.33,20250628,3,기장군
26110,중구,7,일요일,3,외국인(c),7689.3,20250629,15,중구
26140,서구,7,일요일,3,외국인(c),5184.629999999999,20250629,11,서구
26170,동구,7,일요일,3,외국인(c),5372.699999999999,20250629,5,동구
26200,영도구,7,일요일,3,외국인(c),5721.710000000001,20250629,14,영도구
26230,부산진구,7,일요일,3,외국인(c),7602.850000000002,20250629,7,부산진구
26260,동래구,7,일요일,3,외국인(c),783.6900000000002,20250629,6,동래구
26290,남구,7,일요일,3,외국인(c),4591.619999999999,20250629,4,남구
26320,북구,7,일요일,3,외국인(c),748.9900000000002,20250629,8,북구
26350,해운대구,7,일요일,3,외국인(c),12700.589999999997,20250629,16,해운대구
26380,사하구,7,일요일,3,외국인(c),4359.739999999999,20250629,10,사하구
26410,금정구,7,일요일,3,외국인(c),951.1500000000001,20250629,2,금정구
26440,강서구,7,일요일,3,외국인(c),15291.239999999998,20250629,1,강서구
26470,연제구,7,일요일,3,외국인(c),1231.9599999999998,20250629,13,연제구
26500,수영구,7,일요일,3,외국인(c),4065.080000000001,20250629,12,수영구
26530,사상구,7,일요일,3,외국인(c),1556.6599999999999,20250629,9,사상구
26710,기장군,7,일요일,3,외국인(c),4211.22,20250629,3,기장군
26110,중구,1,월요일,3,외국인(c),6691.769999999999,20250630,15,중구
26140,서구,1,월요일,3,외국인(c),4541.879999999999,20250630,11,서구
26170,동구,1,월요일,3,외국인(c),4906.340000000003,20250630,5,동구
26200,영도구,1,월요일,3,외국인(c),5234.25,20250630,14,영도구
26230,부산진구,1,월요일,3,외국인(c),6677.5599999999995,20250630,7,부산진구
26260,동래구,1,월요일,3,외국인(c),622.56,20250630,6,동래구
26290,남구,1,월요일,3,외국인(c),4257.9400000000005,20250630,4,남구
26320,북구,1,월요일,3,외국인(c),626.0399999999997,20250630,8,북구
26350,해운대구,1,월요일,3,외국인(c),12000.030000000002,20250630,16,해운대구
26380,사하구,1,월요일,3,외국인(c),3948.6800000000003,20250630,10,사하구
26410,금정구,1,월요일,3,외국인(c),1005.8799999999999,20250630,2,금정구
26440,강서구,1,월요일,3,외국인(c),14351.72,20250630,1,강서구
26470,연제구,1,월요일,3,외국인(c),1083.6199999999997,20250630,13,연제구
26500,수영구,1,월요일,3,외국인(c),3743.11,20250630,12,수영구
26530,사상구,1,월요일,3,외국인(c),1462.97,20250630,9,사상구
26710,기장군,1,월요일,3,외국인(c),4231.130000000002,20250630,3,기장군
