source,source_id,title,address,place,map_x,map_y,image_url,start_date,end_date,usage_time,tel,description,homepage,sigungu_code,remove_reason
busan_festival,1961,2024 용두산 썸머 비치,부산 중구 용두산길 37-30,용두산공원,129.03246,35.10096,https://www.visitbusan.net/uploadImgs/files/cntnts/20240801113323229_ttiel,,,,,"2024 용두산 썸머 비치
 - 행사기간 : 2024. 7. 27.(토) ~ 9. 21.(토), 매주 토요일 16:00 ~ 20:00
 - 행사장소 : 용두산미디어파크 부산타워 앞
 - 프로그램 : 포토존, 식음료 부스, 공연, 하늘그네 체험",,15,날짜 미확정 또는 수동 복구 대상 아님
busan_festival,2368,2026 원아시아페스티벌(BOF),,부산원아시아페스티벌,129.13625,35.169167,https://www.visitbusan.net/uploadImgs/files/cntnts/20250430144313591_ttiel,,,,,"2026 BOF with NOL은 10주년을 맞아 ‘BEYOND 10 : THE NEXT WAVE’를 콘셉트로 새로운 흐름을 제시하는 K-Culture 페스티벌이다.
본 행사는 6월 27일(토)부터 6월 28일(일)까지 양일간 개최되는 행사이다. K-POP 콘서트를 비롯해 전시·체험·푸드·마켓 등 다양한 부대프로그램과 BIG TALK, 파크 콘서트 등 다채로운 프로그램이 진행되는 축제이다. 전 세계 팬들이 함께 참여하고 즐길 수 있는 글로벌 K-Culture 페스티벌이다.
특히 BIG 콘서트는 단순한 K-POP 공연 관람을 넘어 다양한 음악 장르를 함께 경험할 수 있도록 기획된 공연 프로그램이다. K-POP을 비롯해 힙합, 록 등 여러 장르의 아티스트들이 참여하는 콘서트이다. BOF만의 차별화된 공연 경험을 제공하고 부산에서의 특별한 추억을 관람객들과 함께 나누기 위해 마련된 프로그램이다.
<p class=""font-size28 colorDarkBlue medium"">■ Big CONCERT</p>

- 일시: 2026. 6. 27.(토) ~ 6. 28.(일) 13:00 ~ 21:00
- 장소: 부산아시아드주경기장
- 요금: 유료
- 라인업: 6/28(일) RIIZE 
※ BOF 2026의 티켓은 4월 중 NOL l NOL ticket에서 판매
※ 세부 프로그램 및 출연 아티스트는 추후 순차 공개 예정
<p class=""font-size28 colorDarkBlue medium"">■ PARK CONCERT</p>
- 일시: 2026. 6. 20.(토) 18:00
- 장소: 화명생태공원 축구장 A·B
- 요금: 무료
- 라인업: 5월 중 오픈 예정",https://www.bof.or.kr/,16,날짜 미확정 또는 수동 복구 대상 아님
busan_festival,2730,김해공항 Welcome to Busan 환대 행사,부산광역시 강서구 공항진입로 108,김해공항 국제선 1층 도착장 GATE 1 앞,128.94685,35.172325,https://www.visitbusan.net/uploadImgs/files/cntnts/20260601150158169_ttiel,,,,,"○ 행 사 명 : 김해공항 “Welcome to Busan” 환대 행사
 ○ 행사기간 : 6.8.(월) ~ 6.14.(일) 08:00~14:00 
 ○ 행사장소 : 김해공항 국제선 1층 도착장 GATE 1 앞
 ○ 행사개요 : 외국인 관광객 참여 행운뽑기 이벤트, 환영 포토존 운영, 관광홍보리플릿 비치
 ○ 행사내용 
   - 6월 부산은 BTS와 함께 도시 전체가 축제의 장으로 변신합니다.
   - 부산은 김해공항에 부산 도착 순간부터 ‘도시 전체가 나를 반겨주는 느낌’을 받을 수 있도록 환대행사를 준비 했습니다.
   - 친구들과 함께 부산 관광 포토존 앞에서 한 장의 추억을 남기고
     부산이 선물하는 자그마한 행운이 한 가득 들어있는 한국 전통 복주머니 뽑기까지 
     놓치지 말고 꼭 즐겨보세요~!
   - 여행의 설렘을 공항부터 도심까지 이어가 부산 관광의 매력을 즐기길 바랍니다.",,1,날짜 미확정 또는 수동 복구 대상 아님
busan_festival,1698,"나이트레이스 인 부산(한, 영, 중간, 중번, 일)",부산광역시 수영구 남천동,광안대교,129.11887,35.136974,https://www.visitbusan.net/uploadImgs/files/cntnts/20230908145725673_ttiel,,,,051-850-9347,"광안대교 See & Run! 한여름 밤의 열정을 불태울 수 있는 부산 마라톤 행사, ‘나이트레이스 인 부산'
매년 성황리에 티켓 구매 마감이 될 만큼 인기가 많습니다.

‘나이트레이스 인 부산’의 코스는 광안리 해수욕장에서 출발해 벡스코 앞 도로까지 총 7.27km 거리로 구성되어 있는데요.
특히 2km 구간부터는 반짝반짝 빛나는 광안대교를 배경으로 뛸 수 있어, 많은 러너들의 사랑을 받고 있습니다.
바라보기만 했던 부산의 랜드마크 중 하나인 광안대교를 직접 달려보는 경험을 하고 싶다면,
소중한 이들과 색다른 추억을 쌓고 싶다면
'나이트레이스'하세요!
함께여서 더 빛나는 한여름 밤 꿈결 같은 시간이 매년 여러분을 기다립니다!",http://www.nightracebusan.co.kr/,12,날짜 미확정 또는 수동 복구 대상 아님
busan_festival,497,"대저토마토축제(한, 영, 중간, 중번, 일)",부산광역시 강서구 체육공원로 43(강서체육공원),강서체육공원,128.97174,35.20922,https://www.visitbusan.net/uploadImgs/files/cntnts/20200102115239175_ttiel,,,,051-972-8534,"3월이 되면 화려한 개막식과 함께 대저토마토축제가 찾아온다. 몸에 좋고 맛도 좋은 대저토마토를 맘껏 즐길 수 있는 축제다.
대저토마토를 이용한 다양한 음식 전시는 물론 무료시식 행사도 진행한다. 축제장을 찾은 사람들은 짭짤이토마토를 맛보기 위해 기꺼이 줄을 선다.
대저토마토 직판장 역시 축제 인기 부스다. 저렴한 가격에 명품토마토를 사수하기 위한 경쟁이 만만치 않다.",https://www.bsgangseo.go.kr/visit/contents.do?mId=0305000000,1,날짜 미확정 또는 수동 복구 대상 아님
busan_festival,1705,"별바다부산 나이트페스타(한)//영,중간,중번,일","부산광역시 중구, 북구, 사하구, 해운대구 일대","해운대리버크루즈, 영화의전당, 유라리광장, 다대포해수욕장, 화명생태공원, 금빛노을브릿지",128.96556,35.048126,https://www.visitbusan.net/uploadImgs/files/cntnts/20240819181215659_ttiel,,,,,"<p class=""font-size20 colorDarkBlue medium"" >[2025 별바다부산 나이트페스타]</p>
2025년 7월 ~ 10월

부산이 야간관광 특화도시라는 거, 알고 계셨나요?
보기만 해도 시원해지는 낮의 바다만큼, 별빛이 쏟아지는 밤바다도 얼마나 아름다운지! 
부산의 아름다운 밤을 더욱 빛나게 해줄, 다양한 프로그램으로 가득 채운 '별바다 나이트페스타'가 시작됩니다!

별빛과 바다가 어우러진 밤의 축제 별바다 부산 나이트페스타가 당신을 특별한 밤의 여정으로 초대합니다.

<p class=""font-size20 colorDarkBlue medium"" >[별바다부산 2025 나이트페스타 Program 소개]</p>

<p class=""font-size20 colorDarkBlue medium"" >1) 별바다부산 리버 디너 크루즈</p> 달빛 디너 박스를 즐기며 오후부터 야간까지 운영되는 특별한 요트투어
- 5월 17일 ~ 12월 31일 (매주 금, 토,일)
- 해운대리버크루즈

<p class=""font-size20 colorDarkBlue medium"" >2) 부산 원도심 나이트 미션 투어 </p>원도심 중심의 도보 나이트 미션 투어
- 특별투어: 7월 19일, 26일
- 정규투어: 7월 4, 11, 25일
- 근현대역사관

<p class=""font-size20 colorDarkBlue medium"" >3) 부산근현대역사관 나이트 키즈 투어</p> 근현대역사관 별관 내 독립형 키즈 대상 역사 미션 투어
- 8월 5일, 6일, 7일, 8일, 9일, 10일
- 근현대역사관 별관

<p class=""font-size20 colorDarkBlue medium"" >4) 사이언스 앤 매직 키즈 밤놀이터</p> 과학과 마법이 어우러진 특별한 체험, 온 가족이 함께하는 감동의 순간!
더욱 풍성해진 이벤트와 즐거움이 가득한 키즈밤놀이터
- 8월 14일 ~ 16일
- 국립부산과학관

<p class=""font-size20 colorDarkBlue medium"" >5) 별바다부산 나이트 뮤직 캠크닉 앤 트래블쇼</p> 감성가득한 야간 피크닉과 특별 공연, 부울경 지역 유망 관광기업까지 한자리에서!
놓칠 수 없는 색다른 경험을 지금 만나보세요.
- 9월 5일 ~ 7일, 12 ~14일
- 다대포해변공원

<p class=""font-size20 colorDarkBlue medium"" >6) 별바다부산 로즈나잇요가</p> 반짝이는 로즈 조명 아래, 로맨틱한 분위기 속에서 진행되는 나이트 웰니스 요가 프로그램으로
일상에 쉼과 힐링을 더해보세요.
- 9월 19일, 20일 (일 2회 진행)
- 광안리해수욕장(19일) / APEC 나루공원(20일)

<p class=""font-size20 colorDarkBlue medium"" >7) 별바다부산 나이트마켓</p> 부산 전통주 팝업부터 감성 플리마켓, 트렌디한 푸드트럭까지!
구포나루축제와 함께하는 다채로운 나이트 마켓
- 1주차: 9월 18일 ~ 21일 / 2주차: 9월 25일 ~ 28일 / 3주차: 10월 2일 ~ 5일 / 4주차: 10월 9일 ~ 12일 / 5주차: 10월 16일 ~ 19일
- 화명생태공원내 연꽃단지

<p class=""font-size20 colorDarkBlue medium"" >8) 용두산공원 나이트 팝업</p> 용두산공원에서 밤을 물들이는 브랜드 팝업과 플리마켓,
그리고 놓칠 수 없는 체험 프로그램까지 한 번에 즐기세요.
- 9월 18일 ~ 28일 (11일) / 10월 1일 ~ 12일 (12일) / 10월 15일 ~ 26일 (12일)
- 용두산공원

<p class=""font-size20 colorDarkBlue medium"" >9) 캔들라이트 부산 콘서트</p> 모두의 마음을 밝히는 밤, 전세대가 함께하는 캔들라이트
오리지널 부산 콘서트
- 10월 3일
- 부산시민공원 잔디광장",https://www.instagram.com/starry_night_busan.kr/,10,날짜 미확정 또는 수동 복구 대상 아님
busan_festival,1807,부산국제마케팅광고제(한),"부산광역시 해운대구 달맞이길 30 (중동, 엘시티)",부산국제마케팅광고제,129.13634,35.1691,https://www.visitbusan.net/uploadImgs/files/cntnts/20240416114016931_ttiel,,,,051-623-5539,"아시아 최대 규모의 마케팅·광고·디지털 콘텐츠 관련 국제 행사인 2025 부산국제마케팅광고제(MAD STARS 2025)가 AI-vertising, AI 광고 마케팅 시대를 주제로, 오는 8월 부산 해운대 일원에서 개최됩니다.


부산국제마케팅광고제는 올해로 18회를 맞는 아시아 최대 규모의 글로벌 광고제입니다. 매년 70여 개국에서 수천 편의 작품이 출품된다. 올해에는 시그니엘 부산과 해운대 일대에서 'AI-vertising, AI 광고 마케팅 시대'를 주제로 개최된다. 심사는 마케팅, 광고, 디지털, 미디어, PR 등 다양한 분야의 전문가 340여 명으로 구성된 심사위원단이 맡는다. 예선과 세 차례의 본선 심사를 통해 최종 수상작이 결정된다.
활기찬 여름의 에너지와 푸른 바다의 아름다움이 어우러지는 부산에서 전 세계의 크리에이티브 솔루션을 만나보세요!",https://www.madstars.org,16,날짜 미확정 또는 수동 복구 대상 아님
busan_festival,1897,부산국제어린이청소년영화제,부산광역시 해운대구 수영강변대로 120 (영화의전당),영화의 전당,129.12706,35.171078,https://www.visitbusan.net/uploadImgs/files/cntnts/20240625105125182_ttiel,,,,051-743-7652,"“달라도 좋아!” “WE ARE ALL UNIQUE!”
부산국제어린이청소년영화제는 어린이 청소년이 주인이 되는 아시아 최대 YOUNG FILM FESTIVAL로, 전세계 어린이청소년영화제 간 네트워크 구심점 역할을 하고 있습니다.
영화는 단순히 경험에 그치는 것이 아니라는 믿음 아래 영화를 매개로 한 체험 및 교육 활동을 연구 개발하며 ‘유네스코 영화 창의도시 부산’의 이미지를 제고하는 역할도 이어나가고 있습니다.

관객과의 대화(GV), BIKY 포럼 등 영화를 사랑하는 관객들을 위한 행사뿐만 아니라
BIKY 놀이터 등 가족들이 즐길 수 있는 다채로운 행사도 마련되어 있습니다.
올여름, BIKY에서 시원하게 놀아요!

제20회 부산국제어린이청소년영화제
2025.7.8 ~ 2025.7.19",https://www.biky.or.kr/,16,날짜 미확정 또는 수동 복구 대상 아님
busan_festival,427,"부산바다미술제(한,영,중간,중번,일)",부산 사하구 다대동,일광해수욕장,129.23155,35.258884,https://www.visitbusan.net/uploadImgs/files/cntnts/20231024143140221_ttiel,,,,051-503-6111,"부산 바다에 미술이 스며 이룬 예술, 세계적으로 보기 드문 해양 미술제로 꼽히는 부산바다미술제는 홀수 해에 근 한 달여간 우리 곁을 찾아옵니다. 
해양 생태와 창의적으로 연결되는 방법과 무분별한 해양 개발과 채굴에 대한 고찰, 인간과 자연, 바다가 공존을 모색하는 장, 대안적 해양 경제로 가는 미래 비전 등을 아우르는 부산바다미술제.  
매번 다른 주제와 콘셉트로 생각할 거리를 제안하는 부산바다미술제의 변치 않는 테마는 ‘바다의 귀함을 제대로 알자’일 텐데요.  
  
바다의 아름다움과 해안의 유약함을 동시에 품은 부산바다미술제. 우리와 바다의 관계를 친밀하고도 긴밀하게 엮는 창의적인 과정에 동참하길 원한다면 바다와 경이로운 미술의 총체인 부산바다미술제에 꼭 발걸음해보길 권합니다.",https://www.saf2023.org/,3,날짜 미확정 또는 수동 복구 대상 아님
busan_festival,1694,"부산수제맥주마스터스챌린지(한,영,중간,중번,일)",부산 해운대구 수영강변대로 120,BEXCO 야외광장 일원,129.1269,35.171036,https://www.visitbusan.net/uploadImgs/files/cntnts/20230821115632607_ttiel,,,2025. 9. 20.(토) ~ 2025. 9. 24.(수),051-740-7300,"부산지역 최고의 수제맥주를 다채롭게 맛보고 즐기는 시민 참여형 축제, 부산수제맥주마스터스챌린지에 흠뻑 빠져 볼까요? 

맥주 러버라면 꼭 가봐야 할 축제, 맥주 러버가 아니더라도 즐길거리 충만한 축제!


부산 수제맥주의 우수성을 뽐내는 수제맥주 품평회, 부산 수제맥주 브랜드를 맛보고 즐기는 수제맥주 팝업스토어, 로컬 소상공인들이 만든 다양한 콘텐츠와 상품을 한자리에 모은 플리마켓, 수제맥주와 피자 만들기 체험 등 오감(五感)을 자극하는 남녀노소 모두 즐길 만한 부대행사와 이벤트가 한가득 펼쳐지는데요. 

부산수제맥주마스터스챌린지에서 부산 수제맥주 특유의 깊은 풍미와 쌉싸름한 찐 맥주 맛과 멋에 한껏 빠져보길 바라요!",https://festivalshiwol.app/,16,날짜 미확정 또는 수동 복구 대상 아님
busan_festival,1432,"부산연등회(한,영,중간,중번,일)","송상현광장 부산광역시 부산진구 중앙대로 지하 818
부산시민공원 부산광역시 부산진구 시민공원로 73","송상현광장, 부산시민공원",129.06589,35.166367,https://www.visitbusan.net/uploadImgs/files/cntnts/20230517141710433_ttiel,,,,051-867-0501~3,"가정의 달 5월엔 특별한 날이 참 많아요. 어린이날, 어버이날, 스승의 날, 성년의 날을 비롯해 부처님 오신 날도 있어요. ‘부처님 오신 날’을 맞이하여 각각 사찰은 물론 시내 곳곳에서 열리는 크고 작은 관련 행사들이 열리는데, 부산 도심 한가운데에 위치한 송상현광장과 부산시민공원 일대에서 열리는 ‘부산연등회’가 대표적이라 할 수 있어요.

축제 기간 동안 알록달록 은은한 연등이 예쁜 불을 밝히며 도심을 아름답게 수놓을 예정이에요. 


소나무와 메타세쿼이아 가득한 아름다운 숲과 넓은 광장을 간직한 송상현광장은 각종 편의시설도 갖추고 있어 누구나 여유와 휴식을 즐길 수 있는 공간이다. 연등문화제 기간 동안에는 화려한 문양을 가진 형형색색 연등이 광장 곳곳을 아름답게 채웠다. 늦은 오후 가로수길 사이로 길게 드리워진 햇살을 즐기며 불을 밝힐 준비를 하는 연등을 구경하는 재미도 쏠쏠하다.


길게 늘어선 가로수 산책로로 연결된 다이내믹 부산마당과 역사마당이 연등문화제가 열리는 주요 장소이다. 넓은 잔디광장과 중간중간 쉬어갈 수 있는 휴식공간이 있어 이곳을 방문하는 사람들의 최애 공간이다. 연등문화제 기간 동안 1,000원 비용을 지불하면 직접 소원을 적은 소원등을 달아볼 수 있는 체험도 진행되었다.
곳곳에 설치된 연등은 유명 만화나 영화 캐릭터는 물론 불교를 대표하는 다양한 주제를 담고 있어 어른들뿐 아니라 아이를 동반한 가족들도 모두 함께 연등축제를 즐기기에 부족함이 없어 보였다


어둠이 내리고 연등이 환하게 불을 밝히자 사람들이 삼삼오오 모여들기 시작한다. 어두워진 밤하늘을 배경으로 빛을 발하는 각양각색의 연등이 낮의 풍경과 대비되는 아름다운 풍경을 선사한다. 불심 가득 담은 연등부터 다채로운 스토리를 가진 연등이 조화롭게 어우러져 전통적인 아름다움을 물씬 풍긴다. 각자 마음의 기원을 담아 소원등에 붉을 밝히는 사람들의 표정이 즐겁다.

**부산 연등회**
2026. 05. 01 ~ 05. 17.",http://www.bba48.or.kr,7,날짜 미확정 또는 수동 복구 대상 아님
busan_festival,2383,부산콘서트홀 개관 페스티벌,부산광역시 진구 동평로250(연지동) 부산콘서트홀,부산콘서트홀,129.0544,35.169422,https://www.visitbusan.net/uploadImgs/files/cntnts/20250520203304478_ttiel,,,2025. 6. 21.(토) ~ 6. 28.(토),,"부산콘서트홀은 2025년 6월 개관을 앞두고 있는 클래식 전문 공연장입니다.
콘서트홀이 위치한 시민공원은 미국부대 주둔으로 일반인이 접근할 수 없는 공간이었지만, 100여 년 만인 2015년 시민의 쉼의 공간으로 거듭나 개장한 곳입니다.

부산콘서트홀에서는 6월 21일(토)부터 6월 28(토)까지, 세계적인 아티스트들과 함께하는 '부산콘서트홀 개관 페스티벌'이 열립니다.

<p class=""font-size20 colorDarkBlue medium"">◼︎ 부산콘서트홀 개관 페스티벌</p>
- 일시: 6. 21.(토) ~ 6. 28.(토) 
- 장소: 부산콘서트홀(콘서트홀,챔버홀)
- 라인업
• 6. 21.(토): 하나를 위한 노래(지휘 정명훈, 바이올린 사야카 쇼지, 첼로 지안 왕, 연주 APO)
• 6. 22.(일): 황제 그리고 오르간(지휘 정명훈, 피아노 조성진, 오르간: 조재혁, 연주: APO)
• 6. 22.(일): And now Beethoven(지휘 알렉세이 이구데스만, 주형기)
• 6. 23.(월): 베토벤과 낭만(피아노 선우예권·APO챔버)
• 6. 25.(수): 고전의 흐름(피아노 정명훈·APO챔버)
• 6. 27.(금),6.28.(토): 사랑으로 부르는 자유,피델리오(콘서트 오페라)",https://classicbusan.busan.go.kr/,7,날짜 미확정 또는 수동 복구 대상 아님
busan_festival,807,"부산푸드필름페스타(한, 영)",부산광역시 해운대구 수영강변대로 120,부산푸드필름페스타,129.12698,35.17107,https://www.visitbusan.net/uploadImgs/files/cntnts/20200701210502556_ttiel,,,,051-710-6948,"부산푸드필름페스타는 ‘영화’와 ‘음식’을 매개로 다양한 푸드콘텐츠를 즐길 수 있는 음식영화 축제의 장입니다.
섹션 별로 나누어진 다양한 영화상영 프로그램을 즐기고 전문가와 함께 영화 속 음식이야기를 나눕니다. 포트럭테이블을 비롯하여, 푸드테라피존, 수제맥주존, 푸드트럭존, 플리마켓 등 풍성한 야외 부대행사도 진행됩니다.

영화 속 음식이 궁금하세요? 부산 로컬 음식을 맛보고 싶으신가요?
그렇다면 이번 이색영화축제를 놓치지 말아야죠.^^

영화를 맛있게 감상하는 방법, 부산푸드필름페스타로 오세요!

**푸드 필름 페스타**
2026. 06. 26.(금) ~ 06. 28.(일)",https://bfff.kr/,16,날짜 미확정 또는 수동 복구 대상 아님
busan_festival,500,"사상강변축제(한,영,중간,중번,일)",부산광역시 사상구 삼락생태공원,삼락생태공원 문화마당,128.97198,35.168854,https://www.visitbusan.net/uploadImgs/files/cntnts/20200102124932671_ttiel,,,,051-310-4062,"9월 20일(토)부터 21일(일)까지, 부산 최초의 지방정원인 삼락생태공원에서 문화와 예술이 어우러진 축제의 장, 제22회 사상강변축제가 펼쳐집니다.

푸른 낙동강변 천혜의 자연환경 속에서 펼쳐지는 사상강변축제는 ‘정원도시 사상, 도시를 초록하다!’는 주제로 펼쳐지며, 다채로운 프로그램과 풍성한 공연으로 도시 곳곳을 푸르게 물들입니다.

청소년 예술제로 밝은 서막을 여는 사상강변축제는 개막식과 강변음악회를 시작으로, 일요일에는 주민자치 어울림 마당과 다문화 박람회, 강변가요제가 이어지며 남녀노소 모두에게 즐거움과 감동을 선사합니다.",https://xn--939a392a91cocr48bfii.com/,9,날짜 미확정 또는 수동 복구 대상 아님
busan_festival,403,"삼광사 연등축제(한,영,중간,중번,일)",부산광역시 부산진구 초읍천로43번길 77,삼광사 연등축제,129.04338,35.175694,https://www.visitbusan.net/uploadImgs/files/cntnts/20230503134701548_ttiel,,,,051-808-7111,"부처님 오신 날을 전후로 새벽까지 환하게 연등을 밝히는 삼광사. 수를 셀 수 없는 수 만개의 연등이 백양산 자락을 수놓는다. 부처님의 지혜로 온 세상의 어둠을 밝히는 경이로운 축제다.
연등터널이 만들어진 계단을 오를수록 현실을 벗어나 환상의 세계로 점점 빠져든다. 머리 위로 쏟아지는 수많은 불빛에 눈이 부시다. 경내 뒤편 가장 꼭대기로 오르면 삼광사의 연등 물결이 장관을 이룬다. 번뇌로 가득한 어두운 마음이 환해지는 것 같다. (2012년 미국 CNN ‘한국의 아름다운 명소 50선’에 선정)",http://www.samkwangsa.or.kr/,7,날짜 미확정 또는 수동 복구 대상 아님
busan_festival,329,"센텀맥주축제(한,영,중간,중번,일)",부산광역시 해운대구 수영강변대로 120,센텀맥주축제,129.12697,35.170998,https://www.visitbusan.net/uploadImgs/files/cntnts/20191227114742493_ttiel,,,,051-850-9344,"도심 속에서 젊음의 열기를 대방출하라!
회를 더할수록 뜨거워지는 센텀맥주축제는 동서양 남녀노소 장벽 없이 모두 한마음으로 마음껏 즐길 수 있는 축제의 장이 되었다. 페이스페인팅으로 참가 분위기는 업, 생맥주 무료 시음으로 기분 또한 업.
다양한 이벤트와 EDM파티는 참가한 모든 이들을 충분히 흥분의 도가니 속으로 빠져들게 한다. 그동안 쌓인 스트레스, 센텀맥주축제에서 시원하게 날려버리자.",http://www.beerfestival.co.kr,16,날짜 미확정 또는 수동 복구 대상 아님
busan_festival,253,"수국축제(한,영,중간,중번,일)",부산광역시 영도구 전망로 119,"태종대, 태종사",129.08812,35.05602,https://www.visitbusan.net/uploadImgs/files/cntnts/20191222160520749_ttiel,,,,051-419-4061~6,"본격적인 휴가철이 시작되기 전, 초여름의 부산에서 반드시 만나야할 축제가 있다.
태종대에 위치한 사찰 태종사 일대에서 매년 6월 말 ~ 7월 초에 열리는 수국꽃문화축제가 바로 그 주인공이다. 태종대의 해안절경을 만끽하며 오색찬란한 수국을 제대로 즐길 수 있는 관광코스로도 유명하다.

수국꽃문화축제가 열리는 태종사로 가는 방법은 두 가지다. 태종대를 즐기며 태종사까지 걷는 도보형, 그리고 다누비열차를 이용하는 다누비형이 있다. 수국 축제를 빨리 만나고 싶다면 다누비 열차를 타고 태종사 입구에 내려 아름다운 수국꽃길 걸으며 태종사로 오르면 된다. 걷기를 좋아하는 방문자라면 산책길을 따라 태종사까지 여유롭게 걸어보는 것도 좋겠다. 상쾌한 바닷바람 맞으며 천천히 걷다보면 수국꽃 흐트러진 태종사 입구가 여행자를 반긴다.

태종사의 수국들은 주지스님께서 40여 년 동안 심고 가꾸어온 것이라 한다. 스님께서는 다양한 수국 모종을 구하기 위해 세계 곳곳을 돌며 발품을 팔았다고 한다. 현재 태종사 일대 수국의 종류가 30여 종, 총 5000여 그루에 달한다고 하니 그 규모가 엄청나다. 태종사 수국의 장관을 시민들과 함께 나누고픈 스님의 바람을 담아 2006년부터 수국꽃문화축제가 시작되었다.

한국의 대표적인 수국 군락지로 유명한 태종사 일대는 매년 축제 기간이 되면 수국의 향연을 즐기려는 많은 사람들로 북적인다. 여기저기 터지는 셔터소리와 조용한 웃음소리, 그리고 활짝 핀 수국이 어우러져 또 다른 광경을 선사한다. 다채로운 색을 간직한 수국은 그 색깔에 따라 꽃말도 여러 개를 가지고 있다. 분홍색은 ‘진심 & 처녀의 꿈’, 청색은 ‘냉정’, 흰색은 ‘변덕’이라고 하니 다채로운 색깔만큼이나 다양한 꽃말이 재밌다. 축제 기간 중에는 냉면을 무료로 시식하는 ‘꽃밭냉면시식회’를 비롯, ‘꽃밭포토존’, ‘꽃밭버스킹’, ‘힐링숲길 산책로체험’ 등 다양한 프로그램이 준비되어 있으므로 일정표를 꼭 확인하여 축제를 알차게 즐겨 봐도 좋을 것이다.

사랑하는 사람의 손을 잡고, 시원한 여름바람 맞으며 즐기는 오색찬란한 수국꽃밭. 작은 모종을 하나 둘 심어온 정성스러운 손길. 그 손길이 시간을 만나 이루어낸 놀라운 기적을 직접 만나보자.",,14,날짜 미확정 또는 수동 복구 대상 아님
busan_festival,523,"조선통신사축제(한,영,중간,중번,일)","북항친수공원, APEC하우스, 용호별빛공원, 범어사",조선통신사축제,129.03273,35.10072,https://www.visitbusan.net/uploadImgs/files/cntnts/20200110115509318_ttiel,,,,051-631-0858,"추위가 가신 완연한 부산의 봄날, 용두산 공원은 조선통신사 축제 행렬재현으로 분주하다. 조선통신사는 조선시대 일본으로 파견된 대규모 평화사절단으로, 국서를 받들고 가는 관료 이외에도 일본은 의사나 화가, 기예단원 등의 파견을 요청했다고 한다. 일본의 문화예술을 비롯한 각 분야에 큰 영향을 끼친 조선통신사 기록물은 유네스코 세계기록유산으로 한일 공동 등재되었다. 눈앞에 펼쳐지는 조선통신사 행렬이 더욱 큰 의미로 다가온다.

** 조선통신사 축제**
2025.4.25. (금) ~ 4.27. (일)",http://www.tongsinsa.com/,15,날짜 미확정 또는 수동 복구 대상 아님
busan_festival,414,"차이나타운특구 문화축제(한,영,중간,중번,일)",부산광역시 동구 대영로243번길 43,부산차이나타운특구 문화축제,129.03809,35.11431,https://www.visitbusan.net/uploadImgs/files/cntnts/20191230202600804_ttiel,,,,051-440-4062(동구청 문화관광과),"부산역 앞은 역사적, 지리적 배경을 바탕으로 왜관, 청관, 미군 주둔 기지, 외항선 등과 관련된 다양한 문화들이 존재해 왔다.
그중에서도 차이나타운은 우리나라에 중국의 영사관(청관)이 처음 생긴 자리와 그 주변을 중심으로 중국인들이 대거 이주한 이래 부산 최대 화교 거주지로서의 형태를 갖추게 되었다. 오랜 시간 부산역 앞을 지키며 중국 특유의 분위기와 즐비한 맛집을 형성하여 부산 시민은 물론 부산을 찾는 많은 여행자들에게도 인기 있는 장소로 사랑받고 있다.
해마다 10월이면 이곳 차이나타운에서 열리는 축제가 있다. 바로 부산 차이나타운 특구 문화축제. 차이나타운에 터를 잡고 살아온 중국인들의 애환을 감싸고, 한‧중이 어우러지는 잔치를 표방하고자 2004년 처음 시작되었다. 해를 거듭할수록 특색 있는 중국 문화를 경험하고픈 방문객들의 수가 늘어나면서 차이나타운 골목골목 수많은 인파들로 발 디딜 틈이 없다.
차이나타운 특구 문화축제에서는 다양한 문화 공연과 체험 및 전시, 무대 행사 등을 만나볼 수 있다.
중국의 전통 의상을 입고 펼치는 무예와 무용을 만날 수 있는 화려한 거리 퍼레이드를 시작으로 화교 중‧고등학교에서 꾸미는 개막과 폐막의 주 무대가 이색적이다.
더불어 중국 상해 예술단을 초청해 변검, 경극, 전통춤 등 생동감 넘치는 공연도 만나볼 수 있다. 신나는 공연을 보여준 예술단과 인증샷을 남기는 관객의 표정이 축제의 흥겨움을 전해준다. 아이와 함께 중국 문화를 직접 체험해 보는 프로그램도 놓칠 수 없다. 전통 가면 하나 만들어 쓰면 너도나도 변검 마술에 도전해 볼 수 있지 않을까.
차이나타운의 모든 가게가 함께 하는 축제 분위기는 음식문화에서 정점을 찍는다. 차이나타운 특구 내 중식당들이 맛보기 시식회를 운영하고, 각종 이벤트 경품으로 중식당 무료 쿠폰도 제공되니 행운을 노려봄직하다. 맛집 많기로 유명한 차이나타운인 만큼 중국 전통음식부터 시작해 축제 기간에만 만날 수 있는 주전부리들도 여행자들의 마음을 설레게 하기에 부족함이 없다.
낮의 생동감이 넘치던 거리는 밤이 되면 얼굴을 바꾼다. 중국의 활기찬 야시장으로 순간이동을 한 듯 거리 곳곳은 홍등으로 물든다. 선선한 바람에 이리저리 흔들리는 붉은 꽃등 아래의 골목은 중국 영화 속에서 본 어느 거리의 한 풍경 같다.
중국 문화의 다양한 볼거리, 먹거리, 즐길 거리를 찾는다면 부산 차이나타운 특구 문화축제가 제격이다. 높아지는 가을 하늘 만끽하며 홍등과 함께하는 이국적인 정취를 찾아 차이나타운으로 향한다.

""25년 축제 안내""
2025. 10. 17 ~ 10. 19.",https://부산차이나축제.com,5,날짜 미확정 또는 수동 복구 대상 아님
busan_festival,2373,택슐랭,,"부산역, 부산근현대역사관, 충무동 새벽시장, 유라리광장",129.04025,35.115173,https://www.visitbusan.net/uploadImgs/files/cntnts/20250513184648656_ttiel,,,2025. 5. 16.(금) ~ 5. 18.(일),,"택시(Taxi) + 미슐랭(Michelin) = 택슐랭(Taxchelin)
10년 이상 경력의 베테랑 택시 기사들이 추천하는 현지 찐 맛집을 중심으로, 다양한 체험·투어 프로그램을 함께 즐기는 축제입니다. 
내비게이션보다 더 정확한 부산 베테랑 택시 기사들이 추천한 로컬 맛집을 맛보고, 체험하고, 축제로 즐겨보세요!
<p class=""font-size20 colorDarkBlue medium"" >택슐랭 가이드북</p>
제10회 부산원도심활성화축제에서 만나볼 수 있는 원도심의 다양한 미식과 숨은 명소 등 원도심의 매력을 한 권에 담아낸 '택슐랭 가이드북'은 2025. 5. 14.(수) 부산축제조직위원회 홈페이지, 인스타그램(@busan_festival), 비짓부산 등 온라인을 통해 만나보실 수 있으며, 행사 기간 중 다중집합지에서 오프라인으로도 만나보실 수 있습니다.
<p class=""font-size20 colorDarkBlue medium"" >택슐랭 오픈세레머니</p>
• 일시: 2025. 5. 16.(금) 19:30
• 장소: 부산역 광장
• 프로그램: 개막 공연, 택슐랭 가이드북 시상식, 다이닝 타임 등
• 신청방법：사전예약(인터파크티켓)
<p class=""font-size20 colorDarkBlue medium"" > 미션 도보투어 ‘입맛상회’</p>
• 일시: 2025. 5. 17.(토) ~ 5. 18.(일) 10:00 ~ 18:00
• 장소: 중구·서구 일대  ※집결장소: 부산근현대역사관
• 신청방법：사전예약(인터파크티켓) & 현장접수 가능(부산근현대역사관)

<p class=""font-size20 colorDarkBlue medium"" > 시장직배송 쿠킹클래스</p>
• 일시 : 2025. 5. 17.(토) ~ 5. 18.(일) 10:00 / 14:00
• 장소: 충무동 새벽시장, 서구가족복지센터  ※ 집결장소: 충무동 새벽시장 출입구 앞
• 신청방법: 부산축제조직위원회 홈페이지(구글폼)

<p class=""font-size20 colorDarkBlue medium"" >택슐랭 야경포차</p>
• 일시: 2025. 5. 17.(토) ~ 5. 18.(일) 18:30 ~ 22:00
• 장소: 중구 유라리 광장
• 이용방법: 현장 입장, 유료
<p class=""font-size20 colorDarkBlue medium"" >택슐랭 가이드 택시</p>
• 일시: 2025. 5. 17.(토) ~ 5. 18.(일) 11:30 ~ 22:00 (브레이크 타임 15:00 ~ 17:00)
• 장소: 임시승강장 : 남포역 7번 출구 앞
• 이용방법: 현장 접수, 기본요금 결제(식당 할인권 5,000원 제공)
<p class=""font-size20 colorDarkBlue medium"" >도심 체험존 ‘도파민 도심’</p>
• 일시 : 2025. 5. 17.(토) ~ 5. 18.(일) 13:00 ~ 18:00
• 프로그램 : 미각빙고, 버스킹 공연, 플리마켓 등
• 플리마켓 운영: 5. 16.(금) 15:00 ~ 21:00 ｜ 부산역 광장                   
                          5. 17.(토) ~ 5. 18.(일) 14:00 ~ 21:00 ｜ 광복로 시티스팟 일대",www.festivalbusan.com/taxchelin/,15,날짜 미확정 또는 수동 복구 대상 아님
