source,source_id,title,address,place,map_x,map_y,image_url,start_date,end_date,usage_time,tel,description,homepage,sigungu_code
busan_festival,443,"기장멸치축제(한, 영, 중간, 중번, 일)",부산광역시 기장군 기장읍 대변항 일원,기장멸치축제,129.23056,35.223377,https://www.visitbusan.net/uploadImgs/files/cntnts/20191231175726016_ttiel,20250425,20250427,,051-709-4502,"풍요로운 기장 앞바다의 맛을 맘껏 즐기려면? 기장멸치의 신선함을 있는 그대로 보여주는 기장멸치축제로 가면 된다.
봄이 되면 오동통통 살이 올라 씹는 맛이 일품인 기장멸치를 새콤달콤 입맛 돋우는 회무침으로도, 튀김옷 얇게 입힌 고소한 튀김으로도, 된장과 시래기 넣고 끓인 구수한 찌개로도 맛 볼 수 있다. 기장멸치축제의 인기 프로그램 맨손활어잡기 도전도 하고 공연의 압권인 플라잉보드 쇼도 보며 시간 가는 줄 모른다. 깜짝 경매에 참가해 기장멸치를 저렴한 가격으로 구입할 수도 있다.",https://www.gijang.go.kr/index.gijang?menuCd=DOM_000000302000000000,3
busan_festival,2136,"서면 빛 축제(한,영,중간,중번,일)",부산 진구 부전동 서면 1번가 일원 (중앙대로 691번 길 및 서면로 일원),"‘빛과 걷다 (Walk With Light)’, 서면 빛 축제",129.05841,35.15347,https://www.visitbusan.net/uploadImgs/files/cntnts/20241021182231021_ttiel,20251013,20260228,2025.10.13.~2026.02.28.,051-605-4524,"매년 찾아오는 빛의 향연, 화려한 조명 속에서 특별한 순간을 만들고 싶으신가요? 연인과 로맨틱한 데이트나 가족과의 새로운 경험을 원하신다면, 서면 빛 축제를 소개합니다!



""빛을 통해 세상을 만나고, 하늘을 본다."" 올해도 서면 빛 축제가 열립니다. 매년 가을과 겨울, 서면 거리를 화려한 조명으로 물들이는 이 축제는 지난해 ‘대한민국 밤밤곡곡 100선’에 선정될 만큼 큰 인기를 끌었죠.
올해는 구간이 1.8km로 확대되어 서면 1번가 일대에서 다양한 빛 조형물과 포토존이 마련됩니다. 서면 로타리 부산탑을 형상화한 아치형 게이트와 진구 캐릭터인 백양할배와 호천냥이 벌룬, 크리스마스트리 등 다채로운 조형물이 여러분을 기다리며 각 구역마다 다른 테마의 조형물이 새로운 볼거리를 선사해요.
시민 참여 프로그램으로는 폴라로이드 사진 인화 이벤트와 미디어 파사드, 소원 리본 등이 준비되어 있어요.

빛 축제인 만큼 저녁에 방문하는 것이 더욱 매력적이겠죠. 축제기간 동안 서면 일대는 붐비므로 대중교통 이용을 권장합니다. 서면 빛 축제는 가족, 친구, 연인 모두에게 즐거운 시간을 제공합니다. 로맨틱한 분위기 속에서 주변 음식점과 카페의 다양한 이벤트와 할인 혜택도 놓치지 마세요!

서면의 밤거리를 걸으며 포토존에서 사진을 찍고 맛있는 길거리 음식과 함께 소중한 추억을 쌓아보세요. 연말 분위기를 만끽할 수 있는 빛의 향연 속에서 특별한 순간을 같이 즐겨보아요~!",https://www.busanjin.go.kr/board/view.busanjin?boardId=BBS_0000009&menuCd=DOM_000000110001001000&paging=ok&startPage=1&dataSid=3898941,7
busan_festival,411,"부산자갈치축제(한,영,중간,중번,일)",부산광역시 중구 자갈치해안로 52,부산자갈치축제,129.03058,35.096703,https://www.visitbusan.net/uploadImgs/files/cntnts/20191230200521249_ttiel,20251023,20251026,,051-245-2594,"매년 10월이 되면 부산 바다의 정기를 느낄 수 있는 축제가 열린다. 바로 부산자갈치축제가 그것! 부산 대표 수산시장 중 하나인 자갈치시장에서 약 4일간 진행되는 축제는 싱싱한 해산물과 화끈한 부산 아지매들의 정을 느낄 수 있는 바다의 향연이다.
과거 자갈이 많은 지형이어서 ‘자갈치’란 이름이 붙은 자갈치시장은 부산을 넘어 한국의 대표 어시장으로 자리매김한지 오래다. 일제강점기와 한국전쟁 시기를 거쳐 생겨난 작은 노점상들이 1970년대 정비 사업을 통해 오늘날의 모습을 갖추게 됐다. 최근에는 할리우드 영화의 배경이 되기도 하면서 국내 관광객뿐만 아니라 외국인들까지 찾고 있다.
부산자갈치축제는 크게 세 마당으로 나뉜다. 오이소마당에선 남녀노소 누구나 즐길 수 있는 체험 이벤트가, 보이소마당에선 다양한 공연 프로그램이, 사이소마당에선 촐촐한 배를 달랠 수 있는 먹거리가 사람들을 유혹한다. 볼거리, 먹거리, 즐길 거리가 실속 있게 꽉 찬 덕에 골목마다 축제를 즐기려는 사람들로 인산인해를 이룬다.
오이소마당은 흥에 겨운 미소가 떠나지 않은 축제의 장이다. 특히 세계 최대 회비빔밥 만들기에 도전하는 참가자들의 표정이 의욕적이다. 해마다 조금씩 양을 늘려가며 매번 기네스에 도전한다고 한다. 꼭 기록을 갱신하겠다는 의지를 보이며 영차영차 손놀림이 바빠진다. 도전 후에는 축제에 참가한 모든 분들과 회비빔밥을 나눠 먹는다고 하니 싱싱한 자갈치의 맛을 즐기려면 줄을 잘 서야 할 것만 같다.
보이소마당은 흥이 많은 한국 사람과 가장 잘 맞는 코너 일지 모른다. 자갈치 어로요 퍼포먼스가 시작되면 흥겨운 우리 가락에 맞춰 덩실덩실 몸을 들썩이게 된다. 그렇게 흥이 오른 사람들은 자갈치 효(孝) 가요제에 나가보자, 그간 갈고닦은 솜씨를 뽐내는 무대는 긴장과 즐거움 사이의 묘한 기운을 느끼게 하는 자리다. 음악이 있고 흥이 있는 축제를 즐기다 보면 어느새 땅거미가 지고 축제는 무르익어 간다.
특히 부산자갈치축제에서 먹거리는 빠질 수 없는 부분이다. 사이소마당은 신선한 해산물로 만든 다양한 요리를 맛볼 수 있는 코너다. 한쪽에 마련된 테이블에서 삼삼오오 맛있는 안주와 함께 이야기꽃을 피우는 사람들로 축제장은 밤늦도록 문전성시를 이룬다.
이 밖에도 스타들과 함께하는 프로그램도 진행되는데 유명 MC, 개그맨들과 함께 자갈치시장을 둘러보기도 하고 찾아가는 경매를 치르기도 한다.",,15
busan_festival,531,"감천문화마을골목축제(한,영,중간,중번,일)",부산광역시 사하구 감내2로 203,감천문화마을 골목축제,129.00931,35.095776,https://www.visitbusan.net/uploadImgs/files/cntnts/20200110160422867_ttiel,20251024,20251025,,051-220-5911,"감천골에 흥이 넘쳐난다. 마을 주민들이 잔치를 준비하고 손님을 초대하니 감천문화마을 골목축제로 놀러가자. 전쟁의 상흔을 가진 마을에 예술이 깃들며 보존과 재생의 성공적 아이콘으로 재탄생했다. 평소에는 스탬프 지도를 따라가며 도장 모으는 재미가 가득했던 개별 마을투어였다면, 축제기간 동안에는 골목별 다양한 어울림 프로그램도 함께 배치해 골목투어를 하는 관광객과 주민이 한데 어우러지는 즐겁고 색다른 경험을 할 수 있다.",https://www.gamcheon.or.kr/,10
kto_festival,2048902,해운대 빛축제,부산광역시 해운대구 해운대해변로 280 (중동),,129.1626049105,35.1595354549,http://tong.visitkorea.or.kr/cms/resource/12/3576412_image2_1.jpg,20251129,20260118,,051-749-4062,,,16
kto_festival,3434800,온천천 빛 축제,부산광역시 동래구 중앙대로 1324 (온천동),,129.0785081817,35.2056537329,http://tong.visitkorea.or.kr/cms/resource/72/3574272_image2_1.jpg,20251219,20260201,,051-550-6642,,,6
kto_festival,2702333,카운트다운 부산,부산광역시 수영구 광안해변로 219 (광안동),,129.1185477876,35.1538130576,http://tong.visitkorea.or.kr/cms/resource/64/3579164_image2_1.png,20251231,20260101,,051-850-9000,,,12
kto_festival,2786391,광안리 M(Marvelous) 드론 라이트쇼,부산광역시 수영구 광안해변로 219 (광안동),광안리해수욕장,129.1185477876,35.1538130576,http://tong.visitkorea.or.kr/cms/resource/12/3518612_image2_1.jpeg,20260101,20261231,2026.01.01.~2026.12.31.,051-610-6518,,,12
busan_festival,502,"해운대달맞이온천축제(한,영,중간,중번,일)",부산광역시 해운대구 해운대해변로 264,해운대달맞이온천축제,129.16136,35.1588,https://www.visitbusan.net/uploadImgs/files/cntnts/20200102125938297_ttiel,20260301,20260303,매년 정월대보름,051-749-4062(해운대구청 문화관광과),"매년 정월대보름날이면 경이로운 월출을 맞이하는 해운대달맞이온천축제가 열린다.
길놀이를 시작으로 창과 무용이 어우러진 축하공연을 보며 축제의 분위기가 한껏 고조된다.
보름달이 떠오르는 시간에 맞춰 축제의 하이라이트, 달집태우기가 시작된다. 달집 속에는 시민들의 한해 소망을 담은 소원지가 가득하다. 모두의 목소리가 합쳐진 우렁찬 카운트다운과 함께 달집은 타오르고 풍물패가 흥겨움을 더한다. 활활 타오르는 달집을 바라보며 두 손 가득 간절한 소원을 빌어본다.",,16
busan_festival,499,"낙동강 정원 벚꽃축제(한,영,중간,중번,일)","낙동제방 벚꽃길 일원, 르네시떼 야외무대",낙동강 정원 벚꽃축제,128.97609,35.16549,https://www.visitbusan.net/uploadImgs/files/cntnts/20200102120811862_ttiel,20260403,20260412,,051-310-4066,"만개한 벚꽃이 12킬로미터의 터널을 만들어주는 낙동강 정원 벚꽃축제가 한창이다.
눈부시게 쏟아지는 봄 햇살 사이로 꽃망울을 터트리며 몽환의 세계를 선사하는 아름다운 곳, 활짝 핀 연분홍의 벚꽃이 다른 세상에 데려다 놓은 듯하다.
찰나의 화려함을 간직한 벚꽃이기에 꽃송이 하나하나가 더욱 소중하다. 제방을 따라 또 다른 봄꽃 샛노란 개나리가 벚꽃의 아쉬움을 위로한다.
흐드러진 벚꽃터널, 그 아래 느린 산책만으로 힐링을 선물 받는다.",https://www.sasang.go.kr/index.sasang?menuCd=DOM_000000604002000000,9
busan_festival,441,"기장미역다시마축제(한, 영, 중간, 중번, 일)",부산광역시 기장군 일광읍 이동항 일원,기장미역다시마축제,129.2447,35.271782,https://www.visitbusan.net/uploadImgs/files/cntnts/20191231114635471_ttiel,20260417,20260419,2026.04.17.~2026.04.19.,051-721-4811,"기장 앞바다의 봄은 수확의 계절이다. 띄워 놓은 부표아래 줄줄이 자라난 미역을 채취하느라 일 년 중 가장 바쁜 시기를 보내는 기장 이동항에 기장미역다시마축제가 함께 한다. 상품의 품질에 따라 다양한 가격대의 미역과 다시마를 저렴한 가격에 구매할 수 있다. 볼거리, 먹거리 천국에 미역‧다시마 생초 수확체험이 인기다. 점심시간에는 해초비빔밥이 무료로 제공된다.
명품 수산물 기장미역‧다시마 득템하러 얼른 가보자!

**기장미역다시마축제**
2026.04.17.~04.19.",http://www.gijang.go.kr/tour/index.gijang,3
busan_festival,405,"해운대모래축제(한,영,중간,중번,일)","해운대해수욕장, 해운대광장(구남로) 일원",해운대모래축제,129.15985,35.158497,https://www.visitbusan.net/uploadImgs/files/cntnts/20250512112542346_ttiel,20260508,20260511,"2025.5.16.(금) ~ 5.19.(월)
모래조각전 6.8.(일)까지 전시",051-749-4062,"매년 새로운 전시 테마로 해변을 거대한 야외미술관을 만드는 해운대 모래축제가 20주년을 맞이해 역대급 스케일로 돌아왔습니다.
역대급 모래 작품들이 저마다의 매력을 뽐내고, 샌드전망대에서는 해운대 바다를 새로운 풍경으로 볼 수 있습니다. 
올해는 개막식 불꽃쇼, K-컬처 코스프레 경연대회, K-POP 댄스 퍼포먼스와 다양한 액티비티&게임존이 운영됩니다. 

⟪2025 해운대 모래축제⟫
2025.5.16.(금) ~ 5.19.(월) *모래조각전은 6.8.(일)까지 운영",https://www.instagram.com/haeundae_sandfestival/,16
busan_festival,442,"광안리어방축제(한,영,중간,중번,일)",부산광역시 수영구 광안해변로 219,광안리해변 및 수영사적공원 일원,129.11893,35.153156,https://www.visitbusan.net/uploadImgs/files/cntnts/20191231174925322_ttiel,20260612,20260614,,051-610-4062,"매년 5월, 옛날 어업 협동체 ‘어방(漁坊)’의 전통을 이어가는 광안리 어방축제가 광안리 해변 및 수영사적공원 일원에서 그 화려한 막을 연다. 수천의 관중이 지켜보는 가운데 경상 좌수사 행렬이 축제의 개막을 알리고, 고기잡이 나가는 어부들의 놀이판 좌수영어방놀이가 흥을 돋운다. 멋들어지게 재건한 수영성 주위로 늠름한 수문장들의 교대식을 구경하려는 사람들이 모여든다. 맨손으로 활어 잡기에 성공한 참가자의 환한 얼굴에서 축제의 즐거움이 고스란히 전해진다.",http://www.suyeong.go.kr/eobang,12
busan_festival,71,"부산바다축제(한,영, 중간,중번,일)",부산광역시 사하구 다대동,다대포 해수욕장 일원,129.11713,35.151604,https://www.visitbusan.net/uploadImgs/files/cntnts/20191213191711585_ttiel,20260807,20260813,2026.08.07.~2026.08.13.,051-713-5000,"타오르는 태양, 시원한 바다, 금빛 백사장, 화려한 네온사인, 신나는 음악!
이 모든 것을 한 번에 즐길 수 있는 부산의 대표 여름축제, 부산바다축제를 소개한다.
부산바다축제는 해마다 여름이 되면 부산 시내  해수욕장에서 열린다.
축제는 다양한 프로그램으로 사람들을 맞이하는데 그 중에서도 메인 행사는 첫날의 개막파티이다.
매해 새로운 모습을 추구하기에 지난 회차와는 또 다른 행사를 즐길 수 있다.



개막파티를 놓친 이들이라도 매일 새롭게 열리는 참여행사를 통해 축제를 즐길 수 있다.
부산바다축제는 음악, 춤, 먹거리 등 모든 것을 즐길 수 있다.

특히나 뜨거운 여름밤을 달구기에 춤만 한 것도 없다. 해변에서 펼쳐지는 댄스파티 현장은 보는 것만으로도 몸치에서 탈출할 수 있을 것만 같다. 국‧내외 댄스 동호인들의 열정적인 스윙, 살사, 줌바 댄스를 직접 따라하다 보면 몸이 저절로 박자를 즐기고 있다.

다양하고 신나는 공연은 계속 이어진다.
부산 바다의 조용한 정취를 좋아하는 이들에게는 열린바다 열린음악회를, 미래의 힙합 전사들에게는 줌바다와 해변살사댄스 페스티벌을, 다대포 낙조의 낭만을 경험하고자 한다면 다대포 포크樂 페스티벌을 추천한다. 최고의 뮤지션들이 밤바다를 배경으로 연주하는 음악과 그들의 노랫소리는 귀를 호강시켜주기에 충분하니 말이다.
더불어 건전한 장애인 놀이문화와 다양한 스포츠행사, 레크레이션이 진행되는 장애인 한바다축제, 부산 청소년 바다축제도 열려 남녀노소, 장애인‧비장애인 할 것 없이 누구나 즐길 수 있는 부산바다축제임을 보여준다.
부산의 바다가 간직한 매력은 어디까지일까.
밤의 풍경, 음악, 젊음, 열정.
부산의 여름을 생각했을 때 떠오르는 많은 말들이 있지만 부산바다축제야말로 그 모든 것을 다 담고 있는 종합선물세트라고 할 수 있을 것이다.

무엇을 생각하든 그 이상을 만날 수 있는 축제. 이 축제만으로 여름의 부산을 찾을 이유는 충분하지 않을까.",http://www.bfo.or.kr/festival_sea/info/01.asp?MENUDIV=1,12
busan_festival,470,"부산국제록페스티벌(한,영, 중간,중번,일)",부산광역시 사상구 삼락동 29-46 삼락생태공원,부산국제록페스티벌,128.97238,35.168747,https://www.visitbusan.net/uploadImgs/files/cntnts/20230913151940386_ttiel,20261002,20261004,2026.10.02.~2026.10.04.,051-713-5000,"무더위에 지친 일상을 잠시 뒤로하고 선선한 날씨가 다가오는 부산의 가을, 한산하고 드넓은 삼락생태공원에 하나 둘 사람들이 모여들기 시작한다. 어느새 공원 한쪽에 마련된 웅장한 무대 앞은 구름같이 몰려든 관객들로 들썩인다. 이윽고 온몸을 울리는 비트와 강렬한 사운드, 가슴 속을 뻥 뚫리게 만드는 보컬의 시원한 노랫소리가 넓디넓은 공원을 후끈 달아오르게 한다. 밴드가 연주하는 리듬에 하나 된 사람들이 발을 맞춰 뛰는 소리가 또 하나의 악기가 돼 분위기는 절정을 향해 간다. 음악으로 온몸을 적시는 부산국제록페스티벌의 한 장면이다.


2000년 시작된 부산국제록페스티벌은 우리나라에서 가장 오래된 록 음악축제로 자리 잡았다. 축제 기간 중에는 부산을 비롯한 전국의 인디밴드들과 국내외 최정상 밴드들이 대거 참여한다. 그렇다 보니 국내외 록 마니아들이 1년 내내 이 축제를 기다릴 정도다. 넓고 푸른 잔디가 펼쳐진 삼락생태공원 페스티벌 장으로 들어서면 흥에 겨운 이틀 간의 음악 여행이 시작된다.
빼곡한 사람들 사이 높이 솟아있는 깃발을 중심으로 서로 몸을 부딪치며 흥을 발산하는 사람들이 보인다. 최애 뮤지션에 대한 팬들의 애정 표현조차 록스럽다고 해야 할까. 부산국제록페스티벌에서만 느낄 수 있는 엄청난 에너지 속에서 지루한 일상은 어느새 머릿속에서 완전히 사라진다.
하지만 본격 페스티벌의 시작은 아직 이르다. 제대로 된 축제를 즐기기 위해선 일단 배를 채워야 하는 게 순서. 길게 늘어선 음식 부스 안에는 시각과 후각을 동시에 자극하는 먹음직스러운 요리가 손님을 기다리고 있다. 거기에 시원한 갈증을 풀어 줄 맥주 한잔 곁들이면 페스티벌과 더 없이 좋은 궁합이 된다.
다음으로 할 일은 잔디밭에 돗자리를 깔아 나만의 VIP석을 만드는 일이다. 여기까지 일이 마무리 됐다면 이제 음악 속에 빠져들 준비가 모두 끝난 셈이다. 감미로운 선율의 록발라드가 나오는 순서에는 여유롭게 잔디밭에 누워 공연을 즐기고, 피를 끓게 만드는 에너지 넘치는 밴드가 나오면 자리를 박차고 나가 사람들과 함께 방방 뛰며 온 몸 가득 뜨거운 에너지를 발산하면 된다. 
어둠이 찾아오자 페스티벌은 하이라이트를 향해 달려간다. 화려한 조명과 폭죽이 음악과 버무려져 환상적인 장면을 연출한다. 무대 앞 공간까지 빼곡히 채운 사람들이 흔드는 손이 마치 일렁이는 파도처럼 보인다. 그리고 터지는 함성과 ‘떼창.’ 이렇게 뮤지션과 관객들이 함께 만들어가는 축제는 밤이 깊어가도 끝날 줄 모른다.",https://busanrockfestival.com/,9
busan_festival,330,"금정산성축제(한,영,중간,중번,일)",부산광역시 금정구 산성로 501-2,금정산성축제,129.08815,35.23809,https://www.visitbusan.net/uploadImgs/files/cntnts/20191227115551778_ttiel,20261016,20261018,2026.10.16.~2026.10.18.,051-715-6884,"5월은 축제의 계절, 부산 금정구에서도 금정산성의 역사와 문화를 연계한 금정산성축제를 개최한다.
전국 최장 길이 금정산성과 경치 좋은 산책길 온천천 일대에서 펼쳐지는 3일간의 문화예술 체험축제이다. 녹음이 우거진 금정산성 마을에서 즐기는 역사문화여행, 호패 하나 손에 쥐고 떠나는 오감만족 체험의 세계로 방문객을 초대한다.
금정구 일원에서도 신나는 거리공연과 다양한 부대행사를 진행한다.
5월엔 축제 프로그램 풍성한 금정산성으로 놀러가자!",http://www.gjfac.org/gjfac/main.php,2
busan_festival,331,"낙동강구포나루축제(한,영,중간,중번,일)",부산광역시 북구 화명생태공원 연꽃단지 일원,낙동강구포나루축제,129.00346,35.22585,https://www.visitbusan.net/uploadImgs/files/cntnts/20191227120157384_ttiel,20261016,20261018,,051-309-4522,"싱그러운 봄, 솔솔 부는 강바람에 구포나루의 정겨운 북적거림이 실려 온다.
조선시대 낙동강 뱃길의 출발지로 교역문화의 꽃을 피웠던 구포나루터. 번성했던 옛 구포나루를 그대로 재연해 당시의 감동과 향수를 선사하는 낙동강구포나루축제가 매년 화명생태공원에서 개최된다. 낙동강과 더불어 살아온 사람들의 삶, 그 진솔한 이야기를 다양한 공연과 체험‧전시 프로그램에 담아낸다.
강변에서 펼쳐지는 낙동강구포나루축제에서 향기로운 추억 만들기 도전해 볼까?",https://www.bsbukgu.go.kr/tour/index.bsbukgu?menuCd=DOM_000000402006001000,8
busan_festival,407,"동래읍성 역사축제(한, 영, 중간, 중번, 일)",부산광역시 동래구 문화로 80,동래읍성 역사축제,129.09091,35.21127,https://www.visitbusan.net/uploadImgs/files/cntnts/20191230193142955_ttiel,20261016,20261018,,051-550-4000,"10월은 축제의 달.
부산 역시 수많은 축제가 우리를 기다리고 있지만, ‘역사’라는 명확한 테마를 가지고 20년이 훌쩍 넘게 동래의 대표 축제로 자리 잡은 ‘동래읍성 역사축제’는 청명한 가을에 만나기 딱 좋은 축제다.

천여 명의 사람들이 함께 행렬을 꾸미는 ‘동래부사행차 길놀이’로 동래를 누비며 1592년 그 때로 돌아가는 타임머신, 동래읍성역사축제는 시작된다.
동래읍성역사축제의 상징이라 할 수 있는 뮤지컬 ‘외로운 성’은 동래읍성 북문 앞마당에서 펼쳐지는 역사 뮤지컬이다. 1592년 임진왜란 당시 목숨을 걸고 동래읍성을 지키고자 했던 동래사람들의 모습을 생생하고 역동적인 뮤지컬로 함께할 수 있다. 비장한 모습의 배우들과 웅장한 노래는 관객으로 하여금 1592년의 동래로 돌아가 그 날의 뜨거움 속에 빠져들게 해준다.
동래읍성의 야트막한 동산에서 열리는 축제 인만큼, 맑고 쾌청한 가을날 가족 나들이로 동래읍성역사축제를 찾은 사람들을 많이 만날 수 있다. 푸른 잔디와 파란 가을하늘을 배경삼아 동산에서 연을 날리는 아이들의 모습이 절로 미소를 짓게 해준다. 다양한 체험 프로그램도 빠질 수 없다. 아이들과 재미있게 역사를 배울 수 있는 체험코너가 많기에 즐거운 역사교육의 장으로 활용도가 꽤 높다.
조선시대의 문화를 만날 수 있는 행사도 다양하다. 재미있는 이야기보따리를 흥겹게 풀어내는 이야기꾼 ‘전기수’를 만나보는 시간이 특색 있다. 멍석에 앉아 전기수의 말에 귀를 기울이며 울고 웃는 사람들의 모습에서 ‘아날로그 콘텐츠’를 경험하는 신기함을 느낄 수 있다.
밧줄 위에서 자유롭게 뛰노는 ‘전통줄타기’도 흥미진진하다. 신나게 줄놀이 하는 어름산이를 따라 눈도 커졌다가, 입도 커졌다가, 조마조마했다가, 안도했다가, 보는 이들의 마음도 함께 널을 뛴다.
머리 위로 늘어진 노란 소망등. 따뜻한 느낌의 소망터널에는 사람들의 크고 작은 소원이 가득하다. 가족과 친구의 행복을 비는 소원지가 저마다의 정성을 간직한 채 바람에 살랑거린다.
흥겨운 사물놀이와 더불어 영차영차 서로를 응원하는 소리가 우렁차다. 하면 할수록 흥이 오르고 에너지가 터져 나오는 이 줄다리기의 이름은 동래세가닥줄다리기. 매년 재현되는 동래의 전통 민속놀이로, 승부를 겨루기보다는 사람들이 모두 모여 화합하는 잔치의 한마당이다.

잊어서는 안 될 역사를 확실히 기억하고 널리 알리면서, 축제의 즐거움 또한 놓치지 않고 풍성하게 전해주는 동래읍성 역사축제로 가보자.

**동래읍성 역사축제**
 2025.10.24. (금) ~ 2025.10.26. (일)",https://www.dongnae.go.kr/festival/index.dongnae?contentsSid=169,6
busan_festival,395,"부산불꽃축제(한, 영, 중간, 중번, 일)",부산광역시 수영구 광안해변로 219,부산불꽃축제,129.11848,35.152725,https://www.visitbusan.net/uploadImgs/files/cntnts/20241022165920388_ttiel,20261107,20261107,2026.11.07.~2026.11.07.,051-713-5000,"부산의 가을은 화려한 불빛으로 꽃핀다. 광안리 해변은 물론, 광안리 바다가 내려다보이는 곳이라면 부산 곳곳에 사람들이 모인다. 사람들의 수많은 이목이 광안리 바다와 하늘에 활짝 핀 불꽃에 하나로 모였다. 지금은 바로 부산불꽃축제의 시간이다.

반짝이는 광안대교가 보이기 시작한다. 광안대교가 가까워질수록 사람들은 점점 모여들어서 점차 발 디딜 틈도 보이지 않는다. 하지만 가을밤 기분 좋을 정도로 쌀쌀한 바닷바람을 맞으며 불꽃을 기다리는 사람들의 표정은 피어날 불꽃보다도 밝은 듯하다.

부산불꽃축제를 더욱 즐겁게 즐기기 위한 아이템에는 무엇이 있을까? 무엇보다 보온에 신경을 쓰는 게 좋다. 낮에는 따뜻한 날씨일지라도 가을밤바다는 바람도 많이 불고 춥기 때문에, 출발할 때는 약간 덥다고 느낄지라도 따뜻한 외투도 입고 담요도 챙기는 것이 좋다. 그리고 수많은 사람이 광안리에 모이는 만큼 한 번 자리를 잡으면 불꽃축제가 끝날 때 까지 다시 나갔다가 자리로 돌아오기 쉽지 않다. 불꽃축제와 함께 즐길 먹을거리와 마실 거리를 미리 챙기고, 화장실도 자리에 앉기 전에 미리 해결해서 난감한 경우가 생기지 않도록 하자.

미리 도착해서 함께 불꽃축제를 즐길 사람들과 먹을거리를 나누며 기다리는 시간. 긴 시간 같지만 점점 많아지는 사람들을 바라보며 즐거운 축제의 분위기에 젖어 들다보면 어느새 주위는 어둑어둑해진다. 이제 불꽃의 시간이 얼마 남지 않았다.
백 만 명이 넘는 사람이 함께 외치는 카운트다운 소리와 함께 드디어 불꽃축제가 시작됐다. 한 발 한 발 까만 밤하늘 위로 선을 그으며 올라가는 불꽃들이 펑! 하는 소리와 함께 큼직하게 퍼진다. 퍼지는 불꽃은 한 두 개가 아니라, 한 눈에 다 담아지지도 않을 만큼 많고 넓은 불꽃의 향연이다.
광안대교 앞에 떠있는 바지선에서 먼저, 광안대교에서 한 번 더, 그리고 광안대교 뒤쪽 넓은 바다에서 또 한 번 서로를 감싸주듯 쏟아지는 불꽃의 향연에 모두가 젖어든다.
부산불꽃축제는 광안리 해수욕장에서만 즐길 수 있는 것은 아니다. 부산의 다양한 곳에서 또 다른 느낌으로 즐길 수 있다. 대표적인 장소로는 마린시티, 황령산 봉수대, 달맞이고개, 청사포 등이 있다. 사실 워낙 불꽃의 규모가 크다 보니 부산의 어지간한 높은 곳에서는 다 보이긴 하지만, 거리가 멀어질수록 당연히 불꽃의 일부만 보이고 펑펑 터지는 소리와 불꽃의 시간차가 길어지기 때문에 다소 역동감은 떨어질 수 있으니 기호와 상황에 따라 적절한 장소를 선택하도록 하자.

밤바다와 밤하늘, 음악과 불꽃 그리고 사람들의 함성과 부산의 야경이 함께 만들어내는 아름다운 부산 가을밤의 하모니. 바로 부산불꽃축제다.

**부산 불꽃축제**
2025. 11. 15.(토)",https://www.bfo.or.kr/festival/info/01.asp?MENUDIV=1,12
busan_festival,449,"광복로 겨울빛 트리축제(한,영,중간,중번,일)",부산광역시 중구 광복로 58-2,"광복로 겨울빛 트리축제, 트리축제, 부산축제",129.03131,35.09927,https://www.visitbusan.net/uploadImgs/files/cntnts/20221227174139947_ttiel,20261205,20270214,2026.12.05.~2027.02.14.,051-714-4758,"다양한 크기와 모양을 가진 트리가 광복로를 화려하게 수놓는 『광복로 겨울빛 트리축제』. 매일 밤 아름다운 노래와 화려한 공연으로 추운 겨울밤을 따뜻하게 물들이는 성대한 축제를 즐기러 남포동으로 간다.
빛으로 물든 큰 키의 가로등이 빛나고 있다. 파란색과 노란색 그리고 핑크색으로 빛나는 가로등 조명이 광복로 거리를 따뜻하게 감싸고 있다. 광복로를 가득 메운 사람들이 저마다의 모습으로 행복한 겨울밤을 보내고 있다. 사람들의 표정이 난로 주위에 모인 사람들처럼 따뜻해 보인다.
광복로를 따라 양쪽으로 늘어선 가로수들도 빛의 옷을 둘러 입었다. 조명을 두른 나뭇가지에 살포시 예쁜 꽃들이 앉았다. 눈부신 조명을 밝힌 사슴이 그 불빛에 매료된 듯 가만히 바라보고 있다. 너도 예쁘고, 나도 예쁘고, 빛을 발하는 모든 것이 예뻐 자꾸 카메라에 담고 싶어진다. 
거리를 가득 메운 사람들의 머리 위로 빛의 향연이 지그재그 펼쳐진다. 검은 하늘을 수놓은 푸른 파도, 그 사이에서 반짝이는 아름다운 눈꽃, 그리고 하늘에 매달린 트리를 보면 감탄사가 절로 새어 나온다. 길을 지나는 사람이라면 모두 한 번쯤은 고개를 들어 까만 하늘을 배경으로 푸르게 빛나고 있는 아름다운 풍경에 푹 빠지게 될 것이다.
푸른 하늘을 감싸고 있는 거리를 지나다 바로 멈춰 선다. 따뜻한 온기 간직한 루돌프와 썰매를 만났기 때문이다. 황금빛 조명이 아름답게 드리운 썰매를 그냥 지나칠 수 없다. 여기저기 플래시가 터지고 남포동의 밤하늘 위로 사람들의 웃음소리가 퍼져 나간다. 작고 귀여운 크리스마스 트리 옆에는 추위를 잊은 아이들의 동심이 어우러져 보기만 해도 흐뭇한 장면이 펼쳐진다.
광장 중앙 메인 무대에서는 광복로 겨울빛 트리 축제를 축하하는 공연이 한창이다. 저마다의 색깔로 거리를 채워주는 노랫소리에 들썩들썩 흥이 넘쳐난다. 화려한 트리 조명과 문화 공연이 광복로 일대를 가득 채워나간다. 겨울 도심의 거리가 더욱 포근하게 느껴지는 순간이다.
차가운 겨울 거리를 따뜻하게 채워주는 불빛들과 사람들의 미소, 음악이 흐르는 광복로 겨울빛 트리축제에서 따뜻한 겨울을 만날 수 있다.

**광복로 겨울빛 트리축제 **
2026.12.05.~2027.02.14.(일)",,15
